Order_ID,Order_Date,Customer_ID,Product_ID,Quantity,Discount,Sales,Cost,Profit,Region,Payment_Mode
ORD01367,2024-01-01,CUST0666,P007,3,0.0,27000.0,15002.79,11997.21,South,UPI
ORD02478,2024-01-01,CUST0101,P005,1,0.0,28000.0,20905.96,7094.04,South,Cash on Delivery
ORD00350,2024-01-01,CUST0790,P009,1,0.0,18000.0,12307.3,5692.7,West,Credit Card
ORD00293,2024-01-01,CUST0207,P012,1,0.15,6800.0,5238.81,1561.19,South,Net Banking
ORD01566,2024-01-01,CUST0683,P002,1,0.0,1200.0,904.29,295.71,North,Debit Card
ORD01872,2024-01-01,CUST0634,P004,1,0.05,39900.0,29678.59,10221.41,South,Debit Card
ORD00451,2024-01-02,CUST0206,P002,1,0.0,1200.0,660.25,539.75,South,Net Banking
ORD00117,2024-01-02,CUST0690,P010,1,0.1,450.0,415.95,34.05,North,Net Banking
ORD00231,2024-01-02,CUST0616,P006,3,0.0,36000.0,25093.97,10906.03,West,Credit Card
ORD02792,2024-01-03,CUST0218,P007,2,0.15,15300.0,10871.0,4429.0,East,Credit Card
ORD02989,2024-01-03,CUST0051,P002,2,0.05,2280.0,1591.28,688.72,South,UPI
ORD02225,2024-01-03,CUST0295,P007,2,0.15,15300.0,14465.46,834.54,North,Net Banking
ORD00405,2024-01-03,CUST0327,P002,5,0.05,5700.0,3506.76,2193.24,South,Net Banking
ORD02057,2024-01-03,CUST0616,P012,2,0.15,13600.0,13521.81,78.19,West,UPI
ORD02396,2024-01-04,CUST0180,P004,2,0.05,79800.0,49324.37,30475.63,North,UPI
ORD02201,2024-01-05,CUST0683,P010,2,0.05,950.0,729.12,220.88,North,UPI
ORD02833,2024-01-06,CUST0088,P001,4,0.05,247000.0,195445.2,51554.8,North,Debit Card
ORD02927,2024-01-07,CUST0221,P008,1,0.0,7500.0,4524.45,2975.55,East,UPI
ORD00662,2024-01-07,CUST0687,P012,1,0.0,8000.0,5120.78,2879.22,South,Debit Card
ORD01674,2024-01-07,CUST0427,P004,1,0.05,39900.0,24689.91,15210.09,East,UPI
ORD00003,2024-01-07,CUST0235,P003,3,0.0,13500.0,10695.64,2804.36,South,Net Banking
ORD02678,2024-01-07,CUST0642,P012,2,0.1,14400.0,11886.12,2513.88,South,Debit Card
ORD00150,2024-01-07,CUST0655,P004,1,0.15,35700.0,35192.24,507.76,North,Credit Card
ORD00829,2024-01-08,CUST0675,P012,1,0.1,7200.0,6766.97,433.03,North,UPI
ORD00327,2024-01-08,CUST0110,P008,1,0.15,6375.0,4907.47,1467.53,West,UPI
ORD01478,2024-01-08,CUST0513,P004,3,0.05,119700.0,95280.15,24419.85,West,Credit Card
ORD01257,2024-01-08,CUST0558,P010,4,0.1,1800.0,1261.33,538.67,South,UPI
ORD02273,2024-01-08,CUST0286,P008,2,0.0,15000.0,12144.62,2855.38,West,Debit Card
ORD00134,2024-01-09,CUST0768,P006,2,0.0,24000.0,17860.81,6139.19,South,UPI
ORD02458,2024-01-10,CUST0130,P008,3,0.1,20250.0,14535.49,5714.51,West,Net Banking
ORD00981,2024-01-10,CUST0121,P011,2,0.0,1800.0,1325.7,474.3,West,Net Banking
ORD01946,2024-01-10,CUST0669,P001,1,0.05,61750.0,41780.73,19969.27,South,UPI
ORD00485,2024-01-10,CUST0058,P004,1,0.0,42000.0,25080.02,16919.98,South,Credit Card
ORD00814,2024-01-10,CUST0249,P003,1,0.1,4050.0,3484.62,565.38,North,Debit Card
ORD02308,2024-01-10,CUST0492,P012,1,0.0,8000.0,6157.63,1842.37,South,Debit Card
ORD00258,2024-01-10,CUST0013,P001,1,0.1,58500.0,54445.41,4054.59,North,Credit Card
ORD00094,2024-01-11,CUST0586,P007,2,0.0,18000.0,12628.35,5371.65,South,UPI
ORD02885,2024-01-11,CUST0409,P012,5,0.0,40000.0,32694.03,7305.97,South,Net Banking
ORD02558,2024-01-12,CUST0436,P009,2,0.05,34200.0,28007.31,6192.69,West,UPI
ORD02121,2024-01-12,CUST0781,P009,2,0.05,34200.0,22343.33,11856.67,West,Cash on Delivery
ORD00302,2024-01-12,CUST0268,P010,3,0.2,1200.0,1013.78,186.22,South,Credit Card
ORD00597,2024-01-12,CUST0244,P001,1,0.2,52000.0,47746.86,4253.14,South,Debit Card
ORD00693,2024-01-12,CUST0070,P002,1,0.0,1200.0,954.87,245.13,South,UPI
ORD01966,2024-01-12,CUST0582,P011,1,0.0,900.0,500.08,399.92,South,Credit Card
ORD00649,2024-01-12,CUST0152,P001,2,0.05,123500.0,102021.39,21478.61,North,UPI
ORD00162,2024-01-12,CUST0415,P006,1,0.05,11400.0,8068.73,3331.27,West,Net Banking
ORD00996,2024-01-12,CUST0304,P003,2,0.1,8100.0,6714.58,1385.42,South,Net Banking
ORD00414,2024-01-12,CUST0224,P007,3,0.05,25650.0,23476.97,2173.03,South,Net Banking
ORD01915,2024-01-13,CUST0617,P008,1,0.05,7125.0,5601.68,1523.32,West,Credit Card
ORD02040,2024-01-13,CUST0788,P006,5,0.15,51000.0,45329.47,5670.53,North,Credit Card
ORD01834,2024-01-13,CUST0771,P002,3,0.2,2880.0,2426.2,453.8,South,Cash on Delivery
ORD02016,2024-01-13,CUST0134,P005,2,0.0,56000.0,41566.86,14433.14,South,Debit Card
ORD00770,2024-01-13,CUST0008,P002,1,0.0,1200.0,668.28,531.72,North,Debit Card
ORD00988,2024-01-13,CUST0483,P010,1,0.1,450.0,381.44,68.56,South,UPI
ORD00161,2024-01-14,CUST0166,P005,1,0.05,26600.0,22518.62,4081.38,North,UPI
ORD01953,2024-01-14,CUST0434,P008,5,0.0,37500.0,29519.89,7980.11,West,Credit Card
ORD00239,2024-01-14,CUST0434,P002,2,0.05,2280.0,1718.84,561.16,West,UPI
ORD00998,2024-01-14,CUST0076,P003,1,0.05,4275.0,2994.53,1280.47,South,UPI
ORD02209,2024-01-15,CUST0228,P010,1,0.0,500.0,280.69,219.31,North,UPI
ORD01293,2024-01-16,CUST0607,P001,2,0.2,104000.0,101597.08,2402.92,South,Net Banking
ORD01454,2024-01-16,CUST0217,P012,2,0.1,14400.0,13857.55,542.45,West,UPI
ORD02329,2024-01-17,CUST0016,P008,2,0.1,13500.0,11177.1,2322.9,South,Net Banking
ORD02605,2024-01-17,CUST0134,P007,3,0.0,27000.0,16784.94,10215.06,South,Debit Card
ORD00804,2024-01-17,CUST0005,P010,1,0.2,400.0,349.12,50.88,South,Debit Card
ORD02090,2024-01-17,CUST0253,P002,5,0.0,6000.0,3339.63,2660.37,West,Net Banking
ORD02921,2024-01-17,CUST0683,P002,1,0.05,1140.0,682.28,457.72,North,Debit Card
ORD00840,2024-01-17,CUST0355,P010,2,0.0,1000.0,658.97,341.03,South,Credit Card
ORD02868,2024-01-18,CUST0663,P003,1,0.05,4275.0,2725.09,1549.91,West,Credit Card
ORD02903,2024-01-19,CUST0618,P010,1,0.0,500.0,344.77,155.23,North,Credit Card
ORD02256,2024-01-19,CUST0696,P005,2,0.1,50400.0,37409.87,12990.13,South,Debit Card
ORD00378,2024-01-19,CUST0226,P010,2,0.05,950.0,879.94,70.06,South,UPI
ORD00957,2024-01-19,CUST0494,P012,1,0.0,8000.0,5616.92,2383.08,West,UPI
ORD02575,2024-01-19,CUST0282,P010,2,0.1,900.0,791.69,108.31,West,Credit Card
ORD01859,2024-01-19,CUST0182,P011,1,0.15,765.0,535.65,229.35,North,Cash on Delivery
ORD01053,2024-01-19,CUST0784,P007,4,0.1,32400.0,28161.77,4238.23,West,Cash on Delivery
ORD01569,2024-01-19,CUST0422,P002,3,0.05,3420.0,2253.0,1167.0,South,Debit Card
ORD01003,2024-01-20,CUST0474,P009,1,0.1,16200.0,15145.7,1054.3,West,Credit Card
ORD01013,2024-01-20,CUST0555,P009,1,0.0,18000.0,12948.48,5051.52,North,Net Banking
ORD00291,2024-01-20,CUST0631,P003,1,0.05,4275.0,3773.33,501.67,West,Credit Card
ORD01023,2024-01-20,CUST0630,P011,1,0.05,855.0,742.06,112.94,South,Credit Card
ORD02637,2024-01-20,CUST0693,P006,2,0.0,24000.0,14492.72,9507.28,South,Debit Card
ORD01796,2024-01-20,CUST0435,P008,1,0.0,7500.0,5801.5,1698.5,South,UPI
ORD00223,2024-01-21,CUST0571,P012,1,0.0,8000.0,5171.0,2829.0,South,UPI
ORD00798,2024-01-21,CUST0006,P009,3,0.0,54000.0,35419.73,18580.27,East,Net Banking
ORD01163,2024-01-21,CUST0374,P012,3,0.05,22800.0,15120.91,7679.09,North,UPI
ORD02800,2024-01-21,CUST0275,P010,1,0.1,450.0,410.7,39.3,West,UPI
ORD00032,2024-01-21,CUST0571,P002,1,0.0,1200.0,875.07,324.93,South,UPI
ORD00425,2024-01-21,CUST0072,P005,2,0.1,50400.0,34867.36,15532.64,South,Debit Card
ORD02544,2024-01-22,CUST0336,P012,1,0.0,8000.0,5752.43,2247.57,North,Net Banking
ORD00156,2024-01-22,CUST0499,P003,1,0.15,3825.0,3075.71,749.29,West,Net Banking
ORD01841,2024-01-22,CUST0241,P007,2,0.1,16200.0,10970.95,5229.05,West,Net Banking
ORD01958,2024-01-22,CUST0493,P008,2,0.2,12000.0,12325.09,-325.09,West,Cash on Delivery
ORD00025,2024-01-22,CUST0721,P012,1,0.0,8000.0,5493.94,2506.06,East,Debit Card
ORD02444,2024-01-22,CUST0176,P010,1,0.0,500.0,275.56,224.44,North,Debit Card
ORD01201,2024-01-22,CUST0386,P001,1,0.05,61750.0,45032.51,16717.49,West,Debit Card
ORD02629,2024-01-22,CUST0069,P007,2,0.15,15300.0,10982.94,4317.06,East,UPI
ORD01662,2024-01-23,CUST0306,P005,4,0.05,106400.0,83266.72,23133.28,West,Debit Card
ORD02013,2024-01-23,CUST0548,P004,2,0.0,84000.0,56247.48,27752.52,South,UPI
ORD00958,2024-01-23,CUST0314,P001,1,0.1,58500.0,50944.98,7555.02,West,UPI
ORD01942,2024-01-23,CUST0791,P011,4,0.05,3420.0,2892.08,527.92,West,Debit Card
ORD00195,2024-01-24,CUST0695,P009,1,0.15,15300.0,11111.04,4188.96,North,Net Banking
ORD00684,2024-01-25,CUST0446,P005,1,0.05,26600.0,17368.24,9231.76,North,Debit Card
ORD02673,2024-01-25,CUST0214,P007,2,0.1,16200.0,11347.3,4852.7,South,UPI
ORD02943,2024-01-25,CUST0510,P002,1,0.2,960.0,758.8,201.2,West,UPI
ORD02175,2024-01-25,CUST0488,P006,2,0.05,22800.0,14183.5,8616.5,North,Credit Card
ORD01870,2024-01-25,CUST0646,P009,4,0.0,72000.0,52101.93,19898.07,West,UPI
ORD01490,2024-01-26,CUST0283,P008,2,0.0,15000.0,11707.93,3292.07,North,Credit Card
ORD01238,2024-01-26,CUST0663,P001,4,0.05,247000.0,187192.18,59807.82,West,Credit Card
ORD00483,2024-01-26,CUST0481,P003,2,0.05,8550.0,7620.1,929.9,North,Debit Card
ORD02174,2024-01-26,CUST0165,P012,1,0.0,8000.0,5340.45,2659.55,South,Net Banking
ORD01925,2024-01-27,CUST0611,P003,1,0.05,4275.0,2943.09,1331.91,South,Debit Card
ORD00057,2024-01-27,CUST0040,P006,1,0.05,11400.0,9127.09,2272.91,West,Debit Card
ORD00245,2024-01-28,CUST0043,P009,1,0.1,16200.0,10103.93,6096.07,South,Credit Card
ORD02058,2024-01-28,CUST0519,P012,1,0.0,8000.0,6635.44,1364.56,North,Credit Card
ORD01187,2024-01-28,CUST0201,P010,4,0.05,1900.0,1425.3,474.7,East,Net Banking
ORD00812,2024-01-29,CUST0388,P011,2,0.1,1620.0,1366.93,253.07,South,UPI
ORD02595,2024-01-29,CUST0322,P001,1,0.15,55250.0,54257.06,992.94,South,UPI
ORD00004,2024-01-29,CUST0062,P006,5,0.05,57000.0,51570.64,5429.36,South,Cash on Delivery
ORD01959,2024-01-30,CUST0130,P006,1,0.15,10200.0,9708.56,491.44,West,Credit Card
ORD01653,2024-01-30,CUST0113,P010,1,0.1,450.0,308.59,141.41,South,UPI
ORD00960,2024-01-30,CUST0375,P007,3,0.05,25650.0,20595.66,5054.34,West,Credit Card
ORD01939,2024-01-31,CUST0130,P002,2,0.0,2400.0,2053.68,346.32,West,Credit Card
ORD01698,2024-01-31,CUST0249,P002,1,0.05,1140.0,1026.93,113.07,North,UPI
ORD02044,2024-01-31,CUST0059,P006,4,0.1,43200.0,31075.27,12124.73,North,Cash on Delivery
ORD02451,2024-02-01,CUST0424,P001,1,0.1,58500.0,39190.01,19309.99,North,UPI
ORD01220,2024-02-01,CUST0332,P005,3,0.05,79800.0,57591.31,22208.69,South,Cash on Delivery
ORD02571,2024-02-02,CUST0590,P005,1,0.15,23800.0,24274.44,-474.44,South,Debit Card
ORD00005,2024-02-02,CUST0256,P001,3,0.0,195000.0,141306.92,53693.08,West,Net Banking
ORD02117,2024-02-02,CUST0701,P004,3,0.05,119700.0,75029.85,44670.15,North,UPI
ORD00187,2024-02-04,CUST0074,P001,2,0.1,117000.0,83373.87,33626.13,North,Credit Card
ORD00295,2024-02-04,CUST0734,P002,1,0.05,1140.0,827.24,312.76,South,UPI
ORD01473,2024-02-04,CUST0644,P006,1,0.0,12000.0,9798.34,2201.66,West,UPI
ORD01725,2024-02-04,CUST0538,P010,1,0.0,500.0,363.51,136.49,North,UPI
ORD01460,2024-02-04,CUST0330,P006,1,0.0,12000.0,7666.7,4333.3,South,Cash on Delivery
ORD00550,2024-02-05,CUST0072,P007,1,0.1,8100.0,7383.42,716.58,South,Debit Card
ORD00469,2024-02-05,CUST0762,P006,3,0.05,34200.0,28798.82,5401.18,West,Debit Card
ORD01020,2024-02-07,CUST0090,P003,1,0.05,4275.0,2904.15,1370.85,South,UPI
ORD02796,2024-02-07,CUST0601,P012,5,0.05,38000.0,22891.37,15108.63,South,Credit Card
ORD02424,2024-02-07,CUST0187,P010,1,0.05,475.0,354.51,120.49,South,Credit Card
ORD00462,2024-02-08,CUST0702,P010,4,0.1,1800.0,1324.85,475.15,South,Net Banking
ORD00018,2024-02-08,CUST0250,P012,2,0.15,13600.0,13392.54,207.46,West,Credit Card
ORD02714,2024-02-08,CUST0020,P011,2,0.1,1620.0,1019.95,600.05,South,UPI
ORD02836,2024-02-08,CUST0151,P009,1,0.15,15300.0,10404.43,4895.57,South,Debit Card
ORD00313,2024-02-08,CUST0276,P008,2,0.0,15000.0,12704.47,2295.53,North,UPI
ORD02279,2024-02-08,CUST0499,P002,1,0.2,960.0,933.48,26.52,West,Credit Card
ORD00914,2024-02-08,CUST0388,P008,1,0.15,6375.0,6418.17,-43.17,South,Cash on Delivery
ORD01279,2024-02-09,CUST0476,P011,1,0.0,900.0,750.1,149.9,East,Debit Card
ORD02391,2024-02-09,CUST0043,P004,1,0.05,39900.0,27769.18,12130.82,South,Net Banking
ORD02992,2024-02-09,CUST0689,P007,2,0.0,18000.0,12700.81,5299.19,South,Cash on Delivery
ORD02709,2024-02-10,CUST0661,P004,1,0.0,42000.0,26014.69,15985.31,South,Net Banking
ORD01443,2024-02-10,CUST0618,P006,1,0.05,11400.0,7062.67,4337.33,North,Credit Card
ORD01556,2024-02-10,CUST0702,P012,2,0.1,14400.0,12572.29,1827.71,South,UPI
ORD01660,2024-02-10,CUST0712,P004,2,0.05,79800.0,55380.55,24419.45,South,Net Banking
ORD02345,2024-02-10,CUST0751,P007,1,0.0,9000.0,7655.86,1344.14,North,Net Banking
ORD01605,2024-02-10,CUST0453,P012,1,0.1,7200.0,6157.07,1042.93,West,Credit Card
ORD01344,2024-02-10,CUST0086,P011,1,0.05,855.0,548.34,306.66,North,Credit Card
ORD00652,2024-02-11,CUST0283,P011,4,0.0,3600.0,2025.84,1574.16,North,Net Banking
ORD02512,2024-02-12,CUST0450,P006,2,0.0,24000.0,16570.92,7429.08,South,Debit Card
ORD00833,2024-02-12,CUST0317,P012,1,0.0,8000.0,5045.13,2954.87,South,UPI
ORD00704,2024-02-12,CUST0663,P005,1,0.0,28000.0,22616.4,5383.6,West,UPI
ORD01188,2024-02-12,CUST0522,P007,1,0.1,8100.0,6830.85,1269.15,South,Debit Card
ORD00419,2024-02-12,CUST0188,P006,3,0.1,32400.0,26295.23,6104.77,South,Debit Card
ORD02707,2024-02-12,CUST0438,P012,3,0.1,21600.0,14084.88,7515.12,East,UPI
ORD02286,2024-02-13,CUST0402,P009,5,0.05,85500.0,70527.02,14972.98,South,Credit Card
ORD00946,2024-02-13,CUST0727,P012,1,0.1,7200.0,6984.41,215.59,West,Debit Card
ORD01242,2024-02-13,CUST0699,P009,3,0.1,48600.0,32184.17,16415.83,South,Credit Card
ORD02077,2024-02-13,CUST0432,P004,2,0.15,71400.0,61096.6,10303.4,North,UPI
ORD02859,2024-02-14,CUST0143,P004,5,0.0,210000.0,164130.31,45869.69,West,UPI
ORD01898,2024-02-14,CUST0143,P007,1,0.15,7650.0,6025.87,1624.13,West,Credit Card
ORD02138,2024-02-14,CUST0347,P004,3,0.0,126000.0,104107.41,21892.59,North,Credit Card
ORD02686,2024-02-15,CUST0267,P002,1,0.1,1080.0,775.1,304.9,West,Credit Card
ORD00106,2024-02-15,CUST0769,P012,3,0.2,19200.0,13638.31,5561.69,South,Debit Card
ORD01362,2024-02-16,CUST0435,P011,1,0.1,810.0,618.37,191.63,South,Net Banking
ORD01072,2024-02-16,CUST0441,P003,3,0.2,10800.0,10261.59,538.41,South,Credit Card
ORD02720,2024-02-16,CUST0294,P001,1,0.0,65000.0,37555.46,27444.54,South,UPI
ORD02440,2024-02-16,CUST0715,P002,1,0.1,1080.0,1051.95,28.05,South,UPI
ORD01825,2024-02-17,CUST0498,P002,4,0.0,4800.0,2814.21,1985.79,West,UPI
ORD02979,2024-02-18,CUST0215,P012,5,0.05,38000.0,22520.97,15479.03,South,Credit Card
ORD02188,2024-02-18,CUST0422,P008,5,0.0,37500.0,21761.44,15738.56,South,UPI
ORD01636,2024-02-18,CUST0451,P005,1,0.05,26600.0,17713.09,8886.91,West,Credit Card
ORD00493,2024-02-18,CUST0315,P005,2,0.2,44800.0,42466.23,2333.77,North,Credit Card
ORD01098,2024-02-18,CUST0415,P008,2,0.0,15000.0,12647.14,2352.86,West,UPI
ORD01536,2024-02-18,CUST0598,P007,2,0.2,14400.0,15508.96,-1108.96,North,Credit Card
ORD02072,2024-02-18,CUST0165,P010,4,0.05,1900.0,1386.66,513.34,South,Credit Card
ORD02237,2024-02-19,CUST0146,P004,1,0.15,35700.0,32146.75,3553.25,West,Debit Card
ORD01086,2024-02-19,CUST0618,P001,1,0.0,65000.0,56312.15,8687.85,North,Debit Card
ORD02573,2024-02-19,CUST0610,P010,1,0.05,475.0,326.36,148.64,North,UPI
ORD00497,2024-02-19,CUST0781,P011,1,0.0,900.0,569.31,330.69,West,UPI
ORD00433,2024-02-20,CUST0220,P002,1,0.05,1140.0,954.88,185.12,South,Credit Card
ORD02819,2024-02-21,CUST0090,P012,1,0.05,7600.0,6314.02,1285.98,South,UPI
ORD00354,2024-02-22,CUST0011,P002,1,0.05,1140.0,1019.92,120.08,South,Debit Card
ORD02078,2024-02-22,CUST0389,P008,4,0.05,28500.0,19261.76,9238.24,South,Credit Card
ORD01935,2024-02-22,CUST0508,P002,1,0.0,1200.0,1055.3,144.7,South,UPI
ORD01956,2024-02-22,CUST0183,P009,2,0.0,36000.0,26458.21,9541.79,North,UPI
ORD02693,2024-02-23,CUST0651,P004,3,0.0,126000.0,110424.51,15575.49,South,Net Banking
ORD02074,2024-02-23,CUST0383,P011,1,0.0,900.0,594.78,305.22,South,UPI
ORD00596,2024-02-24,CUST0371,P005,3,0.0,84000.0,60529.88,23470.12,North,Net Banking
ORD01034,2024-02-24,CUST0293,P005,1,0.05,26600.0,15658.46,10941.54,South,UPI
ORD02118,2024-02-24,CUST0256,P004,1,0.2,33600.0,32402.64,1197.36,West,Credit Card
ORD00718,2024-02-25,CUST0693,P006,3,0.0,36000.0,28296.48,7703.52,South,Credit Card
ORD02964,2024-02-26,CUST0785,P008,2,0.05,14250.0,11139.51,3110.49,North,Credit Card
ORD01022,2024-02-26,CUST0796,P008,1,0.15,6375.0,4811.91,1563.09,South,Debit Card
ORD01203,2024-02-26,CUST0569,P006,2,0.15,20400.0,16301.73,4098.27,West,Cash on Delivery
ORD01856,2024-02-26,CUST0723,P004,1,0.1,37800.0,24158.01,13641.99,West,Credit Card
ORD00571,2024-02-27,CUST0390,P003,1,0.0,4500.0,2923.44,1576.56,South,UPI
ORD01237,2024-02-27,CUST0195,P007,1,0.15,7650.0,6565.6,1084.4,North,Net Banking
ORD02338,2024-02-27,CUST0485,P008,2,0.05,14250.0,11515.6,2734.4,North,UPI
ORD02993,2024-02-28,CUST0380,P012,1,0.0,8000.0,6876.53,1123.47,West,Credit Card
ORD01963,2024-02-28,CUST0732,P007,2,0.15,15300.0,13500.02,1799.98,West,Cash on Delivery
ORD02570,2024-02-28,CUST0781,P012,1,0.05,7600.0,6237.9,1362.1,West,Debit Card
ORD01732,2024-02-28,CUST0233,P003,1,0.1,4050.0,3472.17,577.83,South,Cash on Delivery
ORD02657,2024-02-28,CUST0652,P003,3,0.1,12150.0,9591.05,2558.95,South,Credit Card
ORD00184,2024-02-28,CUST0019,P003,2,0.05,8550.0,5877.34,2672.66,West,Debit Card
ORD02140,2024-02-28,CUST0386,P010,2,0.15,850.0,681.18,168.82,West,Cash on Delivery
ORD00298,2024-02-28,CUST0380,P003,2,0.0,9000.0,7872.89,1127.11,West,Net Banking
ORD00707,2024-02-29,CUST0242,P007,1,0.2,7200.0,6010.76,1189.24,West,Cash on Delivery
ORD01042,2024-02-29,CUST0618,P012,1,0.0,8000.0,6360.55,1639.45,North,Cash on Delivery
ORD00501,2024-02-29,CUST0473,P011,2,0.1,1620.0,1070.51,549.49,North,Debit Card
ORD00050,2024-02-29,CUST0269,P010,3,0.1,1350.0,1181.23,168.77,South,Net Banking
ORD02727,2024-03-01,CUST0446,P005,3,0.0,84000.0,51471.74,32528.26,North,Debit Card
ORD02817,2024-03-01,CUST0797,P005,2,0.0,56000.0,47442.94,8557.06,South,Debit Card
ORD01456,2024-03-02,CUST0519,P007,3,0.0,27000.0,18343.97,8656.03,North,UPI
ORD01422,2024-03-03,CUST0538,P002,1,0.05,1140.0,864.54,275.46,North,Credit Card
ORD00744,2024-03-03,CUST0698,P006,3,0.0,36000.0,20983.11,15016.89,South,Net Banking
ORD01661,2024-03-03,CUST0369,P007,1,0.05,8550.0,6126.48,2423.52,North,Credit Card
ORD02778,2024-03-03,CUST0402,P010,1,0.0,500.0,350.45,149.55,South,UPI
ORD01782,2024-03-04,CUST0343,P002,2,0.15,2040.0,1823.0,217.0,West,UPI
ORD00082,2024-03-04,CUST0239,P001,1,0.0,65000.0,45130.0,19870.0,North,Credit Card
ORD00392,2024-03-05,CUST0393,P010,1,0.0,500.0,282.98,217.02,South,Net Banking
ORD00769,2024-03-05,CUST0208,P004,1,0.05,39900.0,24131.12,15768.88,South,UPI
ORD01477,2024-03-05,CUST0260,P011,3,0.05,2565.0,1959.75,605.25,North,Net Banking
ORD02064,2024-03-05,CUST0172,P005,1,0.0,28000.0,23086.23,4913.77,South,Credit Card
ORD02662,2024-03-05,CUST0169,P007,1,0.05,8550.0,6524.62,2025.38,East,Debit Card
ORD01868,2024-03-05,CUST0345,P006,1,0.05,11400.0,9815.92,1584.08,South,Net Banking
ORD02505,2024-03-05,CUST0686,P011,1,0.0,900.0,548.38,351.62,North,Debit Card
ORD01358,2024-03-06,CUST0440,P011,2,0.15,1530.0,1392.16,137.84,East,Credit Card
ORD01204,2024-03-06,CUST0078,P009,1,0.0,18000.0,14674.34,3325.66,South,Credit Card
ORD00986,2024-03-06,CUST0755,P001,1,0.0,65000.0,53731.35,11268.65,West,UPI
ORD01904,2024-03-06,CUST0079,P004,4,0.0,168000.0,136196.58,31803.42,West,UPI
ORD01240,2024-03-06,CUST0123,P008,2,0.05,14250.0,8633.78,5616.22,East,UPI
ORD00246,2024-03-06,CUST0207,P012,2,0.0,16000.0,13987.94,2012.06,South,Debit Card
ORD00569,2024-03-07,CUST0407,P005,1,0.1,25200.0,18994.2,6205.8,North,Credit Card
ORD00661,2024-03-07,CUST0282,P006,5,0.05,57000.0,40358.14,16641.86,West,Debit Card
ORD01738,2024-03-08,CUST0502,P007,1,0.15,7650.0,5979.23,1670.77,South,Credit Card
ORD02677,2024-03-08,CUST0019,P009,3,0.05,51300.0,35756.0,15544.0,West,Debit Card
ORD01445,2024-03-08,CUST0559,P008,5,0.15,31875.0,21144.13,10730.87,West,Credit Card
ORD02185,2024-03-08,CUST0674,P012,1,0.1,7200.0,6488.66,711.34,West,Debit Card
ORD01226,2024-03-08,CUST0022,P007,3,0.0,27000.0,15398.34,11601.66,West,Credit Card
ORD01739,2024-03-09,CUST0275,P005,1,0.05,26600.0,23601.96,2998.04,West,Credit Card
ORD02568,2024-03-09,CUST0730,P001,1,0.1,58500.0,50757.16,7742.84,West,UPI
ORD02723,2024-03-09,CUST0556,P009,3,0.05,51300.0,47170.47,4129.53,South,Net Banking
ORD00356,2024-03-09,CUST0096,P012,1,0.05,7600.0,6967.62,632.38,North,Cash on Delivery
ORD02807,2024-03-09,CUST0546,P010,1,0.05,475.0,301.01,173.99,North,UPI
ORD01005,2024-03-10,CUST0591,P009,1,0.05,17100.0,11140.91,5959.09,West,UPI
ORD00556,2024-03-10,CUST0232,P006,4,0.05,45600.0,41259.07,4340.93,South,UPI
ORD01147,2024-03-10,CUST0182,P009,1,0.0,18000.0,11127.64,6872.36,North,Credit Card
ORD02922,2024-03-11,CUST0377,P009,1,0.0,18000.0,12470.07,5529.93,East,UPI
ORD01264,2024-03-12,CUST0495,P007,3,0.1,24300.0,21546.58,2753.42,East,Net Banking
ORD00085,2024-03-12,CUST0222,P011,1,0.15,765.0,578.3,186.7,East,Net Banking
ORD00664,2024-03-13,CUST0351,P001,1,0.15,55250.0,39183.62,16066.38,South,UPI
ORD00553,2024-03-13,CUST0268,P002,2,0.15,2040.0,1919.23,120.77,South,Net Banking
ORD02705,2024-03-13,CUST0526,P012,1,0.1,7200.0,6216.43,983.57,West,UPI
ORD02945,2024-03-13,CUST0633,P008,1,0.05,7125.0,5268.45,1856.55,West,Net Banking
ORD01651,2024-03-13,CUST0790,P011,1,0.2,720.0,753.0,-33.0,West,Net Banking
ORD02753,2024-03-13,CUST0544,P001,1,0.0,65000.0,46942.37,18057.63,South,UPI
ORD01423,2024-03-13,CUST0054,P007,4,0.15,30600.0,25552.93,5047.07,East,UPI
ORD02684,2024-03-13,CUST0637,P004,1,0.1,37800.0,31687.48,6112.52,South,UPI
ORD02650,2024-03-13,CUST0472,P011,1,0.0,900.0,641.57,258.43,South,UPI
ORD02489,2024-03-13,CUST0404,P012,1,0.05,7600.0,6662.7,937.3,North,Net Banking
ORD00135,2024-03-13,CUST0550,P003,2,0.2,7200.0,6545.5,654.5,East,UPI
ORD01099,2024-03-14,CUST0339,P010,1,0.05,475.0,408.57,66.43,West,UPI
ORD02289,2024-03-14,CUST0273,P009,1,0.15,15300.0,14592.93,707.07,South,Net Banking
ORD01945,2024-03-14,CUST0151,P005,1,0.15,23800.0,16935.83,6864.17,South,Net Banking
ORD01664,2024-03-15,CUST0345,P007,1,0.1,8100.0,6121.78,1978.22,South,Credit Card
ORD01706,2024-03-15,CUST0269,P002,1,0.0,1200.0,1037.06,162.94,South,UPI
ORD01892,2024-03-15,CUST0621,P007,2,0.05,17100.0,11130.25,5969.75,North,Debit Card
ORD00021,2024-03-15,CUST0429,P006,5,0.15,51000.0,33928.59,17071.41,West,UPI
ORD01348,2024-03-15,CUST0043,P004,1,0.1,37800.0,36826.97,973.03,South,Debit Card
ORD01078,2024-03-15,CUST0517,P006,4,0.0,48000.0,37869.7,10130.3,South,Credit Card
ORD01971,2024-03-15,CUST0587,P004,2,0.15,71400.0,73784.03,-2384.03,South,Credit Card
ORD00393,2024-03-16,CUST0040,P010,1,0.05,475.0,418.93,56.07,West,UPI
ORD02500,2024-03-16,CUST0531,P006,2,0.05,22800.0,17722.14,5077.86,South,Cash on Delivery
ORD02844,2024-03-16,CUST0459,P006,4,0.05,45600.0,32146.04,13453.96,West,Debit Card
ORD01504,2024-03-16,CUST0421,P006,1,0.05,11400.0,8305.87,3094.13,East,Debit Card
ORD01048,2024-03-16,CUST0285,P008,3,0.1,20250.0,16609.72,3640.28,North,UPI
ORD00526,2024-03-17,CUST0180,P012,2,0.2,12800.0,13751.05,-951.05,North,Debit Card
ORD01731,2024-03-17,CUST0728,P009,2,0.05,34200.0,30047.18,4152.82,East,UPI
ORD01076,2024-03-18,CUST0388,P005,2,0.0,56000.0,41218.62,14781.38,South,Cash on Delivery
ORD02515,2024-03-18,CUST0588,P010,2,0.15,850.0,687.52,162.48,West,UPI
ORD02150,2024-03-19,CUST0757,P008,3,0.0,22500.0,18531.31,3968.69,West,UPI
ORD01231,2024-03-19,CUST0729,P004,1,0.0,42000.0,31775.46,10224.54,East,Cash on Delivery
ORD00821,2024-03-19,CUST0019,P004,1,0.05,39900.0,29548.76,10351.24,West,UPI
ORD00007,2024-03-19,CUST0348,P002,2,0.0,2400.0,1588.06,811.94,West,Debit Card
ORD00690,2024-03-19,CUST0302,P007,2,0.0,18000.0,15630.63,2369.37,South,Debit Card
ORD02666,2024-03-19,CUST0735,P003,2,0.15,7650.0,6048.17,1601.83,South,Net Banking
ORD00729,2024-03-20,CUST0449,P008,1,0.05,7125.0,5228.94,1896.06,East,UPI
ORD01628,2024-03-21,CUST0147,P006,3,0.05,34200.0,23241.85,10958.15,South,UPI
ORD02470,2024-03-21,CUST0661,P007,5,0.1,40500.0,26344.87,14155.13,South,Debit Card
ORD01164,2024-03-22,CUST0554,P005,1,0.15,23800.0,21367.29,2432.71,North,Credit Card
ORD02981,2024-03-22,CUST0472,P006,2,0.0,24000.0,14177.38,9822.62,South,UPI
ORD02613,2024-03-22,CUST0246,P011,1,0.05,855.0,652.56,202.44,East,UPI
ORD02335,2024-03-22,CUST0434,P006,3,0.05,34200.0,20661.28,13538.72,West,Net Banking
ORD01820,2024-03-22,CUST0604,P004,1,0.05,39900.0,23540.82,16359.18,East,UPI
ORD01413,2024-03-23,CUST0438,P011,1,0.0,900.0,617.96,282.04,East,UPI
ORD00721,2024-03-23,CUST0056,P007,3,0.0,27000.0,21457.12,5542.88,South,Credit Card
ORD02681,2024-03-23,CUST0330,P004,4,0.05,159600.0,117032.62,42567.38,South,UPI
ORD01900,2024-03-23,CUST0069,P001,3,0.0,195000.0,149863.38,45136.62,East,UPI
ORD01999,2024-03-23,CUST0584,P001,3,0.0,195000.0,170088.24,24911.76,West,UPI
ORD00034,2024-03-24,CUST0092,P004,4,0.15,142800.0,116371.28,26428.72,West,Net Banking
ORD00145,2024-03-24,CUST0458,P007,2,0.15,15300.0,13047.52,2252.48,South,UPI
ORD00470,2024-03-24,CUST0596,P005,1,0.15,23800.0,17858.32,5941.68,West,Debit Card
ORD01600,2024-03-24,CUST0433,P006,1,0.15,10200.0,8630.48,1569.52,East,UPI
ORD00152,2024-03-24,CUST0253,P001,1,0.0,65000.0,50781.72,14218.28,West,Credit Card
ORD02584,2024-03-24,CUST0337,P001,2,0.05,123500.0,80306.53,43193.47,South,UPI
ORD00024,2024-03-24,CUST0500,P007,3,0.0,27000.0,15156.54,11843.46,South,UPI
ORD01617,2024-03-24,CUST0339,P008,1,0.2,6000.0,5003.54,996.46,West,Net Banking
ORD02371,2024-03-24,CUST0599,P011,1,0.05,855.0,533.76,321.24,West,UPI
ORD00617,2024-03-24,CUST0355,P011,3,0.0,2700.0,1851.67,848.33,South,Debit Card
ORD00242,2024-03-24,CUST0112,P004,2,0.05,79800.0,62063.26,17736.74,North,Net Banking
ORD00406,2024-03-25,CUST0761,P002,1,0.05,1140.0,839.81,300.19,North,UPI
ORD02417,2024-03-25,CUST0032,P001,2,0.0,130000.0,107411.57,22588.43,South,Debit Card
ORD00335,2024-03-26,CUST0049,P006,4,0.0,48000.0,37778.64,10221.36,North,Debit Card
ORD01210,2024-03-26,CUST0156,P007,1,0.1,8100.0,7876.8,223.2,North,Net Banking
ORD00111,2024-03-26,CUST0405,P006,2,0.0,24000.0,15538.63,8461.37,North,Debit Card
ORD02285,2024-03-26,CUST0112,P003,2,0.0,9000.0,7374.62,1625.38,North,Net Banking
ORD00163,2024-03-27,CUST0462,P011,2,0.1,1620.0,1423.9,196.1,West,Credit Card
ORD02842,2024-03-27,CUST0397,P010,2,0.1,900.0,686.83,213.17,West,Credit Card
ORD00832,2024-03-27,CUST0044,P008,3,0.0,22500.0,15684.71,6815.29,West,UPI
ORD01726,2024-03-27,CUST0750,P011,2,0.0,1800.0,1228.7,571.3,North,UPI
ORD00827,2024-03-27,CUST0419,P007,1,0.1,8100.0,6285.08,1814.92,North,UPI
ORD01512,2024-03-27,CUST0670,P003,2,0.0,9000.0,7777.67,1222.33,South,Debit Card
ORD02789,2024-03-28,CUST0139,P005,1,0.0,28000.0,21432.87,6567.13,East,Cash on Delivery
ORD02472,2024-03-28,CUST0152,P002,3,0.0,3600.0,2109.73,1490.27,North,Net Banking
ORD00102,2024-03-28,CUST0204,P004,1,0.1,37800.0,35868.5,1931.5,North,Debit Card
ORD00945,2024-03-28,CUST0256,P010,1,0.0,500.0,374.37,125.63,West,UPI
ORD01983,2024-03-28,CUST0015,P003,3,0.05,12825.0,8602.28,4222.72,West,UPI
ORD00365,2024-03-29,CUST0355,P012,1,0.0,8000.0,5905.12,2094.88,South,UPI
ORD01438,2024-03-29,CUST0685,P008,1,0.05,7125.0,4326.17,2798.83,West,Net Banking
ORD02536,2024-03-29,CUST0464,P004,1,0.1,37800.0,23762.73,14037.27,North,Net Banking
ORD02249,2024-03-30,CUST0797,P009,1,0.0,18000.0,9942.62,8057.38,South,UPI
ORD02169,2024-03-30,CUST0069,P004,1,0.0,42000.0,26317.58,15682.42,East,Credit Card
ORD00125,2024-03-30,CUST0767,P007,1,0.05,8550.0,6371.7,2178.3,West,Net Banking
ORD00454,2024-03-30,CUST0387,P005,2,0.2,44800.0,46750.66,-1950.66,West,Debit Card
ORD01783,2024-03-31,CUST0352,P006,1,0.15,10200.0,10183.91,16.09,South,Net Banking
ORD02334,2024-03-31,CUST0010,P004,1,0.1,37800.0,33278.85,4521.15,South,Credit Card
ORD00696,2024-04-01,CUST0364,P011,1,0.0,900.0,557.51,342.49,West,UPI
ORD02776,2024-04-01,CUST0435,P011,2,0.15,1530.0,1390.14,139.86,South,Debit Card
ORD00752,2024-04-01,CUST0439,P010,1,0.05,475.0,296.87,178.13,West,UPI
ORD00112,2024-04-01,CUST0608,P009,2,0.0,36000.0,22148.65,13851.35,South,UPI
ORD02227,2024-04-02,CUST0426,P011,1,0.1,810.0,765.03,44.97,West,Cash on Delivery
ORD02911,2024-04-02,CUST0181,P004,4,0.0,168000.0,146622.23,21377.77,West,Cash on Delivery
ORD01527,2024-04-02,CUST0442,P002,1,0.15,1020.0,885.02,134.98,East,Net Banking
ORD02947,2024-04-02,CUST0105,P007,1,0.15,7650.0,7301.4,348.6,South,Credit Card
ORD00189,2024-04-02,CUST0665,P011,2,0.0,1800.0,1218.07,581.93,West,Net Banking
ORD02284,2024-04-02,CUST0158,P010,1,0.15,425.0,438.58,-13.58,North,Debit Card
ORD00677,2024-04-04,CUST0670,P002,1,0.0,1200.0,679.43,520.57,South,UPI
ORD02538,2024-04-04,CUST0442,P005,2,0.0,56000.0,47632.97,8367.03,East,Net Banking
ORD01978,2024-04-05,CUST0144,P007,2,0.15,15300.0,11581.47,3718.53,South,UPI
ORD02475,2024-04-05,CUST0554,P012,1,0.0,8000.0,5014.35,2985.65,North,UPI
ORD01243,2024-04-06,CUST0452,P001,1,0.05,61750.0,44730.36,17019.64,East,UPI
ORD02830,2024-04-06,CUST0258,P003,1,0.1,4050.0,3408.53,641.47,North,Debit Card
ORD00813,2024-04-06,CUST0785,P003,2,0.0,9000.0,6947.05,2052.95,North,UPI
ORD02565,2024-04-06,CUST0286,P003,3,0.05,12825.0,10183.36,2641.64,West,Debit Card
ORD02622,2024-04-07,CUST0084,P004,1,0.0,42000.0,36895.53,5104.47,North,UPI
ORD01205,2024-04-07,CUST0194,P010,3,0.0,1500.0,1263.73,236.27,East,Debit Card
ORD01770,2024-04-08,CUST0439,P010,2,0.0,1000.0,730.51,269.49,West,Cash on Delivery
ORD00722,2024-04-08,CUST0443,P009,5,0.05,85500.0,59464.12,26035.88,North,Debit Card
ORD02356,2024-04-08,CUST0391,P009,1,0.05,17100.0,12159.45,4940.55,South,UPI
ORD00015,2024-04-08,CUST0409,P005,1,0.0,28000.0,18315.9,9684.1,South,Credit Card
ORD02507,2024-04-09,CUST0433,P003,2,0.1,8100.0,7043.59,1056.41,East,Debit Card
ORD00225,2024-04-09,CUST0182,P006,3,0.05,34200.0,20126.62,14073.38,North,Net Banking
ORD02656,2024-04-09,CUST0778,P007,5,0.05,42750.0,33551.06,9198.94,North,Net Banking
ORD02050,2024-04-09,CUST0312,P011,2,0.05,1710.0,1428.85,281.15,West,Credit Card
ORD02043,2024-04-09,CUST0726,P002,5,0.15,5100.0,3651.4,1448.6,South,Debit Card
ORD02028,2024-04-10,CUST0075,P001,1,0.1,58500.0,55837.43,2662.57,North,Credit Card
ORD00646,2024-04-10,CUST0360,P007,1,0.05,8550.0,6456.6,2093.4,South,Debit Card
ORD00828,2024-04-10,CUST0612,P001,4,0.0,260000.0,190173.29,69826.71,South,Net Banking
ORD02017,2024-04-10,CUST0285,P006,3,0.05,34200.0,23565.12,10634.88,North,Net Banking
ORD01007,2024-04-10,CUST0263,P005,3,0.0,84000.0,70656.51,13343.49,South,UPI
ORD00735,2024-04-10,CUST0602,P004,1,0.05,39900.0,35561.83,4338.17,West,UPI
ORD00402,2024-04-11,CUST0038,P009,1,0.1,16200.0,11472.29,4727.71,South,Net Banking
ORD02191,2024-04-11,CUST0530,P002,2,0.05,2280.0,1380.66,899.34,South,Credit Card
ORD02466,2024-04-11,CUST0094,P010,2,0.1,900.0,574.03,325.97,East,Debit Card
ORD02083,2024-04-11,CUST0687,P011,1,0.15,765.0,616.04,148.96,South,UPI
ORD00097,2024-04-11,CUST0388,P005,1,0.0,28000.0,15757.27,12242.73,South,Net Banking
ORD00545,2024-04-11,CUST0800,P001,2,0.0,130000.0,80752.94,49247.06,South,Credit Card
ORD00374,2024-04-11,CUST0439,P009,2,0.1,32400.0,30322.68,2077.32,West,Net Banking
ORD01808,2024-04-11,CUST0799,P006,1,0.0,12000.0,7346.98,4653.02,South,Cash on Delivery
ORD01302,2024-04-11,CUST0608,P010,4,0.05,1900.0,1525.79,374.21,South,Cash on Delivery
ORD02929,2024-04-12,CUST0182,P011,1,0.15,765.0,738.93,26.07,North,UPI
ORD01579,2024-04-12,CUST0098,P008,1,0.15,6375.0,5083.02,1291.98,East,UPI
ORD00122,2024-04-12,CUST0699,P003,2,0.1,8100.0,7299.36,800.64,South,UPI
ORD01771,2024-04-13,CUST0214,P012,1,0.15,6800.0,5077.49,1722.51,South,Credit Card
ORD00608,2024-04-13,CUST0288,P012,2,0.05,15200.0,8934.77,6265.23,South,Credit Card
ORD02103,2024-04-13,CUST0079,P010,2,0.0,1000.0,667.25,332.75,West,UPI
ORD01268,2024-04-13,CUST0109,P012,2,0.15,13600.0,10289.28,3310.72,North,UPI
ORD01885,2024-04-13,CUST0329,P003,1,0.0,4500.0,3081.49,1418.51,North,Credit Card
ORD02474,2024-04-13,CUST0274,P009,1,0.05,17100.0,15471.67,1628.33,West,Net Banking
ORD00976,2024-04-13,CUST0503,P002,4,0.0,4800.0,2713.31,2086.69,South,UPI
ORD02156,2024-04-13,CUST0634,P010,2,0.0,1000.0,655.38,344.62,South,Credit Card
ORD01606,2024-04-14,CUST0727,P007,2,0.05,17100.0,13745.08,3354.92,West,Credit Card
ORD00802,2024-04-14,CUST0217,P006,3,0.05,34200.0,21690.88,12509.12,West,Debit Card
ORD02346,2024-04-14,CUST0501,P002,1,0.05,1140.0,817.8,322.2,East,UPI
ORD00447,2024-04-15,CUST0247,P006,2,0.0,24000.0,17431.25,6568.75,North,Debit Card
ORD00129,2024-04-15,CUST0230,P002,3,0.0,3600.0,3044.26,555.74,North,Cash on Delivery
ORD00274,2024-04-16,CUST0747,P012,1,0.0,8000.0,4924.66,3075.34,East,Credit Card
ORD01645,2024-04-16,CUST0333,P008,4,0.1,27000.0,19907.3,7092.7,North,Debit Card
ORD02640,2024-04-17,CUST0271,P006,2,0.05,22800.0,16518.94,6281.06,East,UPI
ORD00961,2024-04-17,CUST0639,P001,2,0.1,117000.0,97942.27,19057.73,South,UPI
ORD00460,2024-04-17,CUST0349,P008,2,0.0,15000.0,10704.88,4295.12,South,UPI
ORD00512,2024-04-17,CUST0733,P003,1,0.0,4500.0,3752.88,747.12,West,Net Banking
ORD02374,2024-04-18,CUST0334,P002,3,0.0,3600.0,3152.97,447.03,South,Credit Card
ORD02502,2024-04-18,CUST0729,P001,2,0.2,104000.0,103704.57,295.43,East,Debit Card
ORD01573,2024-04-18,CUST0607,P005,1,0.1,25200.0,18570.95,6629.05,South,Debit Card
ORD02834,2024-04-18,CUST0204,P006,3,0.0,36000.0,23657.68,12342.32,North,Credit Card
ORD02360,2024-04-18,CUST0097,P002,4,0.0,4800.0,2841.2,1958.8,North,UPI
ORD01750,2024-04-18,CUST0037,P012,2,0.2,12800.0,9698.13,3101.87,North,UPI
ORD01736,2024-04-18,CUST0663,P006,2,0.15,20400.0,19184.44,1215.56,West,UPI
ORD01296,2024-04-18,CUST0731,P002,1,0.0,1200.0,716.42,483.58,South,UPI
ORD01047,2024-04-18,CUST0311,P005,2,0.15,47600.0,33377.32,14222.68,South,UPI
ORD00678,2024-04-19,CUST0378,P011,2,0.0,1800.0,1054.47,745.53,South,Credit Card
ORD02717,2024-04-20,CUST0129,P009,1,0.0,18000.0,11570.46,6429.54,West,Credit Card
ORD02463,2024-04-20,CUST0273,P006,1,0.0,12000.0,6647.28,5352.72,South,UPI
ORD01917,2024-04-20,CUST0067,P009,3,0.0,54000.0,36355.21,17644.79,North,UPI
ORD02088,2024-04-20,CUST0447,P001,2,0.1,117000.0,109461.04,7538.96,West,UPI
ORD00966,2024-04-20,CUST0048,P010,4,0.15,1700.0,1478.27,221.73,South,UPI
ORD01765,2024-04-20,CUST0419,P006,1,0.15,10200.0,10015.58,184.42,North,Credit Card
ORD00147,2024-04-20,CUST0365,P010,3,0.05,1425.0,864.34,560.66,South,UPI
ORD02433,2024-04-21,CUST0271,P004,1,0.05,39900.0,29506.52,10393.48,East,Debit Card
ORD00987,2024-04-21,CUST0530,P007,1,0.05,8550.0,7863.43,686.57,South,Net Banking
ORD02379,2024-04-21,CUST0413,P011,3,0.2,2160.0,2358.59,-198.59,West,Credit Card
ORD01202,2024-04-21,CUST0671,P005,2,0.0,56000.0,37384.36,18615.64,South,Debit Card
ORD00909,2024-04-22,CUST0447,P005,2,0.1,50400.0,40425.0,9975.0,West,UPI
ORD02557,2024-04-22,CUST0575,P012,1,0.1,7200.0,6868.63,331.37,North,Credit Card
ORD01058,2024-04-22,CUST0471,P010,2,0.15,850.0,610.26,239.74,South,UPI
ORD01063,2024-04-22,CUST0534,P003,1,0.05,4275.0,3624.42,650.58,North,UPI
ORD01601,2024-04-22,CUST0265,P004,1,0.1,37800.0,35999.61,1800.39,South,Credit Card
ORD01862,2024-04-22,CUST0042,P001,3,0.15,165750.0,162372.61,3377.39,North,UPI
ORD02337,2024-04-23,CUST0081,P003,1,0.0,4500.0,3133.95,1366.05,South,Credit Card
ORD00343,2024-04-23,CUST0516,P006,2,0.0,24000.0,16371.3,7628.7,West,Credit Card
ORD00628,2024-04-23,CUST0492,P004,1,0.05,39900.0,26618.74,13281.26,South,Credit Card
ORD01839,2024-04-23,CUST0531,P007,3,0.15,22950.0,16852.6,6097.4,South,UPI
ORD01387,2024-04-24,CUST0317,P011,5,0.1,4050.0,2684.13,1365.87,South,Net Banking
ORD02880,2024-04-24,CUST0255,P004,2,0.05,79800.0,56706.5,23093.5,North,Debit Card
ORD02332,2024-04-25,CUST0659,P005,3,0.15,71400.0,72654.73,-1254.73,North,Credit Card
ORD01828,2024-04-25,CUST0331,P008,3,0.0,22500.0,13808.12,8691.88,North,Net Banking
ORD02978,2024-04-25,CUST0199,P011,4,0.0,3600.0,2110.54,1489.46,East,Net Banking
ORD00581,2024-04-25,CUST0139,P010,2,0.0,1000.0,590.35,409.65,East,Credit Card
ORD00120,2024-04-25,CUST0056,P009,2,0.1,32400.0,27833.72,4566.28,South,Net Banking
ORD01784,2024-04-26,CUST0158,P010,2,0.0,1000.0,780.33,219.67,North,UPI
ORD00686,2024-04-26,CUST0294,P010,5,0.1,2250.0,1658.31,591.69,South,Net Banking
ORD00208,2024-04-26,CUST0678,P001,4,0.0,260000.0,143691.4,116308.6,West,UPI
ORD00429,2024-04-26,CUST0486,P006,2,0.05,22800.0,17306.77,5493.23,South,Credit Card
ORD00077,2024-04-26,CUST0736,P006,1,0.0,12000.0,7056.66,4943.34,South,UPI
ORD01051,2024-04-26,CUST0164,P004,4,0.1,151200.0,112084.75,39115.25,East,Credit Card
ORD01612,2024-04-27,CUST0330,P007,5,0.2,36000.0,27949.96,8050.04,South,Debit Card
ORD00479,2024-04-27,CUST0276,P010,1,0.0,500.0,312.63,187.37,North,Net Banking
ORD02569,2024-04-27,CUST0556,P010,1,0.0,500.0,279.52,220.48,South,Net Banking
ORD01066,2024-04-27,CUST0743,P007,2,0.0,18000.0,10625.94,7374.06,North,Credit Card
ORD02892,2024-04-27,CUST0521,P011,1,0.05,855.0,708.22,146.78,North,Credit Card
ORD01667,2024-04-27,CUST0666,P001,1,0.0,65000.0,39827.33,25172.67,South,Net Banking
ORD02073,2024-04-27,CUST0699,P010,1,0.1,450.0,330.31,119.69,South,Debit Card
ORD00880,2024-04-28,CUST0733,P006,3,0.15,30600.0,28706.94,1893.06,West,UPI
ORD02099,2024-04-28,CUST0502,P006,1,0.1,10800.0,7889.28,2910.72,South,Cash on Delivery
ORD00339,2024-04-28,CUST0036,P009,1,0.0,18000.0,13794.06,4205.94,East,UPI
ORD01025,2024-04-28,CUST0076,P007,2,0.15,15300.0,10560.89,4739.11,South,Net Banking
ORD00294,2024-04-28,CUST0607,P006,1,0.0,12000.0,10524.96,1475.04,South,Net Banking
ORD00805,2024-04-29,CUST0532,P004,2,0.15,71400.0,58177.89,13222.11,North,Credit Card
ORD01429,2024-04-29,CUST0547,P006,5,0.0,60000.0,41016.88,18983.12,North,Net Banking
ORD00273,2024-04-30,CUST0144,P010,2,0.0,1000.0,655.75,344.25,South,UPI
ORD02793,2024-04-30,CUST0164,P001,1,0.0,65000.0,41235.46,23764.54,East,UPI
ORD00127,2024-05-01,CUST0104,P004,1,0.1,37800.0,35201.99,2598.01,South,Credit Card
ORD00168,2024-05-01,CUST0207,P008,2,0.1,13500.0,10523.5,2976.5,South,UPI
ORD00910,2024-05-01,CUST0106,P011,1,0.0,900.0,670.35,229.65,North,UPI
ORD02211,2024-05-01,CUST0582,P010,2,0.15,850.0,866.58,-16.58,South,Credit Card
ORD02998,2024-05-01,CUST0461,P012,2,0.0,16000.0,13164.71,2835.29,North,UPI
ORD01720,2024-05-01,CUST0439,P011,1,0.0,900.0,593.77,306.23,West,UPI
ORD01901,2024-05-02,CUST0247,P004,2,0.0,84000.0,57388.78,26611.22,North,UPI
ORD02767,2024-05-02,CUST0232,P007,4,0.15,30600.0,28417.17,2182.83,South,UPI
ORD00430,2024-05-03,CUST0191,P002,1,0.1,1080.0,873.25,206.75,South,Debit Card
ORD02556,2024-05-03,CUST0724,P004,2,0.0,84000.0,54104.53,29895.47,North,UPI
ORD00901,2024-05-03,CUST0608,P010,2,0.0,1000.0,599.99,400.01,South,UPI
ORD01366,2024-05-03,CUST0779,P002,3,0.0,3600.0,3002.26,597.74,North,Debit Card
ORD00740,2024-05-03,CUST0606,P002,1,0.15,1020.0,816.37,203.63,North,Net Banking
ORD01724,2024-05-03,CUST0309,P005,3,0.0,84000.0,52903.24,31096.76,West,UPI
ORD01077,2024-05-03,CUST0050,P003,3,0.0,13500.0,9764.85,3735.15,West,Debit Card
ORD02151,2024-05-03,CUST0022,P002,3,0.15,3060.0,2831.53,228.47,West,Debit Card
ORD01716,2024-05-04,CUST0495,P005,1,0.0,28000.0,19408.51,8591.49,East,Net Banking
ORD01721,2024-05-04,CUST0715,P009,2,0.0,36000.0,21376.26,14623.74,South,Net Banking
ORD02263,2024-05-04,CUST0694,P006,2,0.05,22800.0,16574.37,6225.63,North,Cash on Delivery
ORD01847,2024-05-05,CUST0153,P004,3,0.0,126000.0,89011.59,36988.41,West,Cash on Delivery
ORD02559,2024-05-05,CUST0068,P010,2,0.0,1000.0,622.83,377.17,North,Credit Card
ORD00309,2024-05-05,CUST0071,P002,5,0.0,6000.0,5055.51,944.49,West,Credit Card
ORD01688,2024-05-05,CUST0056,P012,2,0.0,16000.0,10115.13,5884.87,South,UPI
ORD02890,2024-05-06,CUST0353,P005,1,0.0,28000.0,20510.4,7489.6,South,Net Banking
ORD01563,2024-05-06,CUST0274,P011,1,0.2,720.0,765.17,-45.17,West,UPI
ORD02698,2024-05-06,CUST0469,P009,4,0.0,72000.0,42803.95,29196.05,West,UPI
ORD01879,2024-05-06,CUST0542,P005,2,0.0,56000.0,47831.2,8168.8,West,Credit Card
ORD00159,2024-05-06,CUST0501,P007,3,0.15,22950.0,21300.84,1649.16,East,UPI
ORD01637,2024-05-06,CUST0557,P010,1,0.05,475.0,293.86,181.14,South,UPI
ORD01451,2024-05-06,CUST0422,P011,2,0.1,1620.0,1018.88,601.12,South,Debit Card
ORD01877,2024-05-07,CUST0287,P006,1,0.1,10800.0,8457.01,2342.99,West,Net Banking
ORD02509,2024-05-07,CUST0480,P004,2,0.05,79800.0,63167.68,16632.32,North,Credit Card
ORD00694,2024-05-07,CUST0625,P007,1,0.0,9000.0,5021.39,3978.61,North,UPI
ORD00964,2024-05-07,CUST0355,P002,2,0.05,2280.0,1495.99,784.01,South,Net Banking
ORD02592,2024-05-07,CUST0558,P005,1,0.1,25200.0,22428.39,2771.61,South,UPI
ORD02791,2024-05-08,CUST0186,P006,1,0.0,12000.0,9184.0,2816.0,North,Credit Card
ORD01282,2024-05-08,CUST0190,P002,1,0.1,1080.0,1020.28,59.72,West,UPI
ORD01294,2024-05-08,CUST0790,P005,5,0.0,140000.0,110199.4,29800.6,West,Net Banking
ORD00808,2024-05-08,CUST0571,P009,1,0.15,15300.0,14666.02,633.98,South,UPI
ORD02315,2024-05-08,CUST0586,P009,2,0.05,34200.0,24484.77,9715.23,South,UPI
ORD00329,2024-05-08,CUST0093,P003,1,0.2,3600.0,3683.87,-83.87,South,UPI
ORD02808,2024-05-08,CUST0530,P007,2,0.0,18000.0,14273.65,3726.35,South,Net Banking
ORD00972,2024-05-08,CUST0597,P006,2,0.0,24000.0,16401.2,7598.8,South,Net Banking
ORD00022,2024-05-09,CUST0480,P005,5,0.0,140000.0,120785.9,19214.1,North,UPI
ORD00574,2024-05-09,CUST0493,P008,1,0.1,6750.0,4800.77,1949.23,West,Cash on Delivery
ORD00809,2024-05-09,CUST0448,P001,3,0.05,185250.0,113687.79,71562.21,South,Debit Card
ORD00669,2024-05-09,CUST0087,P012,1,0.0,8000.0,5590.49,2409.51,South,UPI
ORD00706,2024-05-09,CUST0552,P009,2,0.0,36000.0,31071.7,4928.3,East,Credit Card
ORD00243,2024-05-09,CUST0375,P007,1,0.2,7200.0,5520.56,1679.44,West,Credit Card
ORD01166,2024-05-10,CUST0421,P006,3,0.05,34200.0,30476.87,3723.13,East,Credit Card
ORD01308,2024-05-10,CUST0528,P004,2,0.05,79800.0,69667.23,10132.77,East,UPI
ORD01333,2024-05-10,CUST0073,P011,1,0.15,765.0,621.79,143.21,North,Debit Card
ORD01499,2024-05-11,CUST0559,P010,1,0.15,425.0,326.39,98.61,West,UPI
ORD01012,2024-05-11,CUST0766,P002,1,0.0,1200.0,729.45,470.55,East,Credit Card
ORD01009,2024-05-11,CUST0575,P011,2,0.0,1800.0,1046.78,753.22,North,Debit Card
ORD02370,2024-05-11,CUST0609,P007,3,0.05,25650.0,21142.52,4507.48,West,Credit Card
ORD00415,2024-05-12,CUST0488,P011,1,0.05,855.0,537.82,317.18,North,Cash on Delivery
ORD00266,2024-05-12,CUST0029,P010,5,0.0,2500.0,1792.17,707.83,East,Net Banking
ORD02647,2024-05-13,CUST0267,P001,5,0.1,292500.0,209631.2,82868.8,West,Credit Card
ORD00660,2024-05-13,CUST0556,P008,4,0.0,30000.0,16977.62,13022.38,South,Credit Card
ORD02113,2024-05-13,CUST0559,P002,1,0.0,1200.0,908.79,291.21,West,Debit Card
ORD02787,2024-05-14,CUST0436,P012,2,0.05,15200.0,11816.24,3383.76,West,UPI
ORD01539,2024-05-15,CUST0607,P010,2,0.15,850.0,872.75,-22.75,South,Credit Card
ORD00967,2024-05-15,CUST0738,P007,1,0.1,8100.0,7853.1,246.9,West,Credit Card
ORD01079,2024-05-16,CUST0638,P010,4,0.15,1700.0,1112.99,587.01,South,Credit Card
ORD02287,2024-05-16,CUST0759,P012,3,0.15,20400.0,13685.87,6714.13,West,Credit Card
ORD02679,2024-05-16,CUST0012,P011,1,0.0,900.0,592.58,307.42,West,Credit Card
ORD02899,2024-05-16,CUST0197,P003,2,0.1,8100.0,5281.44,2818.56,East,Credit Card
ORD01993,2024-05-16,CUST0467,P001,1,0.15,55250.0,47446.75,7803.25,South,UPI
ORD02832,2024-05-16,CUST0282,P010,3,0.05,1425.0,952.09,472.91,West,UPI
ORD02085,2024-05-17,CUST0611,P009,2,0.2,28800.0,27747.85,1052.15,South,UPI
ORD00862,2024-05-17,CUST0783,P006,3,0.0,36000.0,31322.85,4677.15,West,Credit Card
ORD01085,2024-05-17,CUST0649,P009,1,0.15,15300.0,14708.91,591.09,North,UPI
ORD02781,2024-05-18,CUST0088,P012,2,0.2,12800.0,13195.66,-395.66,North,Debit Card
ORD02252,2024-05-18,CUST0763,P007,1,0.15,7650.0,6548.51,1101.49,East,UPI
ORD01757,2024-05-18,CUST0592,P011,2,0.1,1620.0,1107.66,512.34,North,Debit Card
ORD01766,2024-05-18,CUST0444,P006,1,0.1,10800.0,7383.97,3416.03,South,UPI
ORD02961,2024-05-18,CUST0513,P002,5,0.2,4800.0,4368.62,431.38,West,UPI
ORD02563,2024-05-19,CUST0398,P012,1,0.05,7600.0,5046.16,2553.84,North,UPI
ORD02810,2024-05-19,CUST0112,P005,1,0.0,28000.0,17797.67,10202.33,North,Cash on Delivery
ORD01788,2024-05-19,CUST0463,P003,1,0.0,4500.0,2628.84,1871.16,East,Cash on Delivery
ORD02490,2024-05-20,CUST0376,P005,1,0.1,25200.0,17903.55,7296.45,North,UPI
ORD02271,2024-05-20,CUST0611,P009,1,0.05,17100.0,11274.59,5825.41,South,Cash on Delivery
ORD01998,2024-05-20,CUST0691,P011,1,0.0,900.0,791.46,108.54,West,Debit Card
ORD02583,2024-05-20,CUST0791,P002,1,0.0,1200.0,769.82,430.18,West,Net Banking
ORD01874,2024-05-20,CUST0048,P001,1,0.2,52000.0,45315.07,6684.93,South,UPI
ORD00478,2024-05-20,CUST0626,P006,2,0.15,20400.0,15667.04,4732.96,South,UPI
ORD02910,2024-05-20,CUST0422,P012,4,0.05,30400.0,26572.56,3827.44,South,Credit Card
ORD00435,2024-05-20,CUST0734,P006,1,0.0,12000.0,10551.43,1448.57,South,Debit Card
ORD01397,2024-05-21,CUST0269,P004,2,0.0,84000.0,62126.19,21873.81,South,UPI
ORD01159,2024-05-21,CUST0444,P009,1,0.1,16200.0,10533.19,5666.81,South,Credit Card
ORD01530,2024-05-21,CUST0749,P009,1,0.1,16200.0,12914.91,3285.09,South,Credit Card
ORD00395,2024-05-22,CUST0218,P002,1,0.1,1080.0,881.68,198.32,East,UPI
ORD01373,2024-05-22,CUST0275,P003,1,0.0,4500.0,3334.63,1165.37,West,Credit Card
ORD00643,2024-05-22,CUST0630,P006,1,0.2,9600.0,7712.67,1887.33,South,Debit Card
ORD02163,2024-05-22,CUST0132,P002,2,0.0,2400.0,1706.38,693.62,South,Credit Card
ORD00128,2024-05-22,CUST0077,P012,1,0.05,7600.0,4484.91,3115.09,East,Debit Card
ORD01206,2024-05-23,CUST0285,P008,1,0.0,7500.0,4740.46,2759.54,North,Net Banking
ORD00446,2024-05-23,CUST0712,P006,2,0.05,22800.0,13613.77,9186.23,South,Cash on Delivery
ORD02942,2024-05-23,CUST0658,P006,2,0.05,22800.0,21015.94,1784.06,West,Credit Card
ORD00344,2024-05-24,CUST0223,P001,3,0.0,195000.0,148321.45,46678.55,South,UPI
ORD00244,2024-05-24,CUST0059,P004,1,0.1,37800.0,34097.1,3702.9,North,Net Banking
ORD01061,2024-05-25,CUST0427,P010,4,0.15,1700.0,1452.2,247.8,East,UPI
ORD00504,2024-05-25,CUST0002,P003,1,0.05,4275.0,3450.36,824.64,East,Credit Card
ORD00169,2024-05-26,CUST0768,P004,2,0.05,79800.0,61875.68,17924.32,South,Net Banking
ORD01830,2024-05-26,CUST0550,P011,3,0.1,2430.0,2156.19,273.81,East,Debit Card
ORD00351,2024-05-26,CUST0642,P002,1,0.0,1200.0,1018.61,181.39,South,Credit Card
ORD02378,2024-05-26,CUST0579,P003,5,0.1,20250.0,19780.44,469.56,South,UPI
ORD01801,2024-05-26,CUST0340,P011,2,0.1,1620.0,1041.12,578.88,East,Net Banking
ORD02891,2024-05-26,CUST0732,P008,3,0.15,19125.0,16360.83,2764.17,West,UPI
ORD00842,2024-05-27,CUST0164,P003,2,0.1,8100.0,6087.7,2012.3,East,Credit Card
ORD01152,2024-05-27,CUST0596,P003,1,0.05,4275.0,2902.54,1372.46,West,UPI
ORD02639,2024-05-27,CUST0009,P006,1,0.05,11400.0,7885.42,3514.58,West,UPI
ORD01680,2024-05-27,CUST0796,P007,1,0.0,9000.0,5681.18,3318.82,South,Debit Card
ORD02060,2024-05-28,CUST0001,P011,2,0.1,1620.0,1400.9,219.1,North,UPI
ORD00616,2024-05-28,CUST0252,P009,1,0.15,15300.0,11092.42,4207.58,North,Credit Card
ORD00918,2024-05-28,CUST0504,P003,1,0.0,4500.0,3617.88,882.12,West,Debit Card
ORD00883,2024-05-28,CUST0610,P003,2,0.15,7650.0,5470.97,2179.03,North,UPI
ORD00723,2024-05-28,CUST0237,P010,1,0.15,425.0,334.88,90.12,West,UPI
ORD00565,2024-05-28,CUST0506,P001,3,0.05,185250.0,161985.11,23264.89,North,Credit Card
ORD02541,2024-05-30,CUST0487,P008,1,0.1,6750.0,4701.34,2048.66,West,Credit Card
ORD02716,2024-05-30,CUST0135,P002,2,0.0,2400.0,1430.48,969.52,North,UPI
ORD00321,2024-05-30,CUST0638,P011,2,0.1,1620.0,1345.36,274.64,South,Credit Card
ORD00201,2024-05-31,CUST0661,P011,3,0.05,2565.0,1923.06,641.94,South,Debit Card
ORD00491,2024-05-31,CUST0328,P011,1,0.1,810.0,560.09,249.91,South,Credit Card
ORD01583,2024-06-01,CUST0172,P011,2,0.05,1710.0,1120.13,589.87,South,Net Banking
ORD02464,2024-06-01,CUST0117,P009,1,0.1,16200.0,12877.19,3322.81,North,Debit Card
ORD02820,2024-06-01,CUST0616,P004,1,0.1,37800.0,23423.25,14376.75,West,Credit Card
ORD00068,2024-06-01,CUST0593,P005,2,0.0,56000.0,35135.82,20864.18,West,UPI
ORD01977,2024-06-02,CUST0318,P012,1,0.05,7600.0,6718.82,881.18,West,Net Banking
ORD02630,2024-06-02,CUST0523,P005,2,0.05,53200.0,48796.57,4403.43,East,Credit Card
ORD02365,2024-06-02,CUST0219,P001,2,0.05,123500.0,105989.85,17510.15,West,UPI
ORD01409,2024-06-02,CUST0366,P008,2,0.0,15000.0,12954.69,2045.31,North,UPI
ORD00494,2024-06-02,CUST0474,P007,3,0.05,25650.0,15737.98,9912.02,West,Credit Card
ORD00412,2024-06-02,CUST0187,P011,2,0.05,1710.0,1286.56,423.44,South,UPI
ORD02258,2024-06-02,CUST0198,P003,3,0.1,12150.0,10189.19,1960.81,West,UPI
ORD02664,2024-06-02,CUST0634,P004,3,0.0,126000.0,75034.84,50965.16,South,Debit Card
ORD01016,2024-06-02,CUST0253,P010,2,0.2,800.0,691.76,108.24,West,UPI
ORD01224,2024-06-02,CUST0685,P005,3,0.0,84000.0,73917.02,10082.98,West,Debit Card
ORD02339,2024-06-02,CUST0652,P006,1,0.0,12000.0,10400.37,1599.63,South,UPI
ORD00751,2024-06-03,CUST0588,P006,3,0.0,36000.0,29798.28,6201.72,West,UPI
ORD02303,2024-06-03,CUST0321,P009,1,0.0,18000.0,15791.28,2208.72,South,UPI
ORD01709,2024-06-03,CUST0148,P012,1,0.05,7600.0,6733.22,866.78,North,Net Banking
ORD01361,2024-06-04,CUST0551,P002,1,0.0,1200.0,706.23,493.77,North,Credit Card
ORD01337,2024-06-04,CUST0787,P007,1,0.05,8550.0,7027.13,1522.87,West,Debit Card
ORD00725,2024-06-04,CUST0585,P001,2,0.05,123500.0,86985.59,36514.41,South,Debit Card
ORD02293,2024-06-04,CUST0207,P010,1,0.0,500.0,437.43,62.57,South,UPI
ORD01658,2024-06-04,CUST0208,P011,1,0.1,810.0,761.04,48.96,South,Cash on Delivery
ORD02100,2024-06-04,CUST0718,P006,2,0.15,20400.0,19263.01,1136.99,North,UPI
ORD00282,2024-06-04,CUST0256,P011,3,0.15,2295.0,2345.93,-50.93,West,UPI
ORD00443,2024-06-04,CUST0406,P002,1,0.2,960.0,1010.58,-50.58,South,UPI
ORD02145,2024-06-05,CUST0094,P007,1,0.1,8100.0,7050.66,1049.34,East,Credit Card
ORD01986,2024-06-05,CUST0547,P010,1,0.05,475.0,341.97,133.03,North,Credit Card
ORD00020,2024-06-05,CUST0368,P007,1,0.0,9000.0,7432.94,1567.06,North,UPI
ORD00656,2024-06-06,CUST0163,P009,1,0.1,16200.0,13959.16,2240.84,South,Net Banking
ORD02197,2024-06-07,CUST0260,P003,2,0.05,8550.0,5148.91,3401.09,North,Credit Card
ORD00369,2024-06-07,CUST0145,P005,3,0.15,71400.0,66810.07,4589.93,West,UPI
ORD00194,2024-06-07,CUST0622,P012,2,0.0,16000.0,11758.02,4241.98,South,Credit Card
ORD00463,2024-06-07,CUST0308,P011,1,0.0,900.0,610.58,289.42,North,UPI
ORD01040,2024-06-07,CUST0787,P001,1,0.05,61750.0,46608.83,15141.17,West,Credit Card
ORD00889,2024-06-08,CUST0350,P011,1,0.15,765.0,785.88,-20.88,East,Net Banking
ORD00564,2024-06-08,CUST0416,P008,1,0.1,6750.0,5597.27,1152.73,North,Credit Card
ORD02132,2024-06-08,CUST0477,P003,1,0.05,4275.0,2793.24,1481.76,South,Debit Card
ORD00522,2024-06-08,CUST0467,P012,2,0.05,15200.0,9305.85,5894.15,South,UPI
ORD01952,2024-06-08,CUST0799,P006,1,0.15,10200.0,9644.72,555.28,South,Credit Card
ORD00620,2024-06-09,CUST0796,P009,2,0.0,36000.0,22301.96,13698.04,South,Net Banking
ORD00299,2024-06-09,CUST0743,P003,2,0.1,8100.0,5505.52,2594.48,North,Credit Card
ORD01174,2024-06-09,CUST0363,P005,2,0.0,56000.0,38324.41,17675.59,West,Debit Card
ORD00363,2024-06-09,CUST0128,P003,3,0.0,13500.0,7680.82,5819.18,North,UPI
ORD02729,2024-06-09,CUST0390,P003,1,0.0,4500.0,3132.91,1367.09,South,UPI
ORD02233,2024-06-09,CUST0762,P009,3,0.1,48600.0,45914.95,2685.05,West,UPI
ORD01067,2024-06-09,CUST0550,P002,1,0.1,1080.0,830.76,249.24,East,Debit Card
ORD01300,2024-06-10,CUST0641,P006,1,0.05,11400.0,8928.7,2471.3,North,Credit Card
ORD02453,2024-06-10,CUST0120,P003,1,0.0,4500.0,3387.72,1112.28,North,Debit Card
ORD01907,2024-06-10,CUST0770,P009,1,0.1,16200.0,15379.9,820.1,West,Net Banking
ORD01037,2024-06-10,CUST0228,P009,1,0.1,16200.0,14778.37,1421.63,North,Credit Card
ORD00042,2024-06-10,CUST0576,P005,3,0.1,75600.0,50175.62,25424.38,East,Net Banking
ORD01508,2024-06-10,CUST0039,P012,3,0.2,19200.0,15162.02,4037.98,North,UPI
ORD02053,2024-06-10,CUST0379,P003,2,0.05,8550.0,7843.67,706.33,South,UPI
ORD00247,2024-06-11,CUST0780,P012,1,0.05,7600.0,6683.99,916.01,South,UPI
ORD01858,2024-06-11,CUST0528,P012,3,0.1,21600.0,17068.38,4531.62,East,Cash on Delivery
ORD01824,2024-06-11,CUST0058,P002,2,0.05,2280.0,1330.18,949.82,South,UPI
ORD01126,2024-06-11,CUST0321,P007,1,0.0,9000.0,6754.8,2245.2,South,Credit Card
ORD00043,2024-06-11,CUST0490,P004,5,0.15,178500.0,177971.98,528.02,South,Credit Card
ORD02741,2024-06-12,CUST0382,P010,1,0.1,450.0,328.27,121.73,South,Net Banking
ORD02393,2024-06-12,CUST0001,P002,5,0.0,6000.0,4286.78,1713.22,North,Credit Card
ORD02680,2024-06-12,CUST0081,P003,1,0.15,3825.0,2514.88,1310.12,South,Credit Card
ORD00676,2024-06-12,CUST0578,P009,3,0.15,45900.0,33230.3,12669.7,South,Net Banking
ORD01780,2024-06-12,CUST0627,P009,3,0.0,54000.0,42364.46,11635.54,East,UPI
ORD01261,2024-06-12,CUST0401,P011,1,0.05,855.0,776.52,78.48,East,Credit Card
ORD00779,2024-06-12,CUST0496,P007,1,0.15,7650.0,5258.93,2391.07,South,Debit Card
ORD01161,2024-06-13,CUST0737,P003,1,0.1,4050.0,3374.35,675.65,East,Credit Card
ORD01774,2024-06-13,CUST0744,P007,3,0.0,27000.0,21707.47,5292.53,North,Credit Card
ORD00277,2024-06-13,CUST0239,P004,5,0.1,189000.0,126699.54,62300.46,North,Credit Card
ORD01740,2024-06-13,CUST0076,P007,2,0.05,17100.0,13689.6,3410.4,South,UPI
ORD00092,2024-06-14,CUST0781,P009,1,0.0,18000.0,13770.38,4229.62,West,Net Banking
ORD02048,2024-06-14,CUST0191,P005,4,0.2,89600.0,81545.36,8054.64,South,UPI
ORD02690,2024-06-14,CUST0002,P007,2,0.05,17100.0,11609.21,5490.79,East,Credit Card
ORD02628,2024-06-14,CUST0443,P009,5,0.0,90000.0,52281.06,37718.94,North,Debit Card
ORD00124,2024-06-14,CUST0744,P006,1,0.1,10800.0,7510.13,3289.87,North,Net Banking
ORD02481,2024-06-15,CUST0529,P008,3,0.0,22500.0,17225.24,5274.76,East,UPI
ORD00548,2024-06-15,CUST0481,P004,1,0.05,39900.0,33751.94,6148.06,North,Credit Card
ORD00502,2024-06-15,CUST0701,P001,2,0.0,130000.0,89338.52,40661.48,North,UPI
ORD00537,2024-06-15,CUST0694,P005,1,0.0,28000.0,17772.26,10227.74,North,UPI
ORD01567,2024-06-16,CUST0722,P001,1,0.1,58500.0,52467.68,6032.32,West,UPI
ORD02521,2024-06-16,CUST0666,P012,1,0.1,7200.0,6128.34,1071.66,South,Debit Card
ORD00877,2024-06-17,CUST0230,P005,1,0.2,22400.0,16379.69,6020.31,North,Credit Card
ORD02427,2024-06-17,CUST0130,P003,1,0.05,4275.0,3540.2,734.8,West,UPI
ORD01723,2024-06-18,CUST0035,P005,1,0.05,26600.0,21627.28,4972.72,South,UPI
ORD02297,2024-06-18,CUST0568,P003,1,0.05,4275.0,3152.68,1122.32,East,Credit Card
ORD02710,2024-06-18,CUST0236,P009,1,0.15,15300.0,10709.49,4590.51,West,UPI
ORD02094,2024-06-19,CUST0785,P009,1,0.0,18000.0,11894.1,6105.9,North,Debit Card
ORD02933,2024-06-19,CUST0004,P001,3,0.05,185250.0,158822.87,26427.13,North,Cash on Delivery
ORD02295,2024-06-19,CUST0440,P009,5,0.2,72000.0,77127.69,-5127.69,East,Cash on Delivery
ORD01659,2024-06-20,CUST0622,P006,2,0.0,24000.0,14690.32,9309.68,South,Credit Card
ORD00576,2024-06-20,CUST0499,P008,2,0.05,14250.0,10549.44,3700.56,West,Net Banking
ORD00473,2024-06-20,CUST0406,P002,1,0.0,1200.0,855.73,344.27,South,Credit Card
ORD00905,2024-06-20,CUST0212,P008,1,0.0,7500.0,5936.46,1563.54,North,Net Banking
ORD00822,2024-06-21,CUST0575,P010,2,0.0,1000.0,766.72,233.28,North,Cash on Delivery
ORD00692,2024-06-21,CUST0789,P010,2,0.15,850.0,570.41,279.59,South,UPI
ORD01419,2024-06-21,CUST0747,P004,1,0.05,39900.0,33122.74,6777.26,East,Credit Card
ORD00777,2024-06-21,CUST0657,P004,1,0.05,39900.0,32718.66,7181.34,East,Cash on Delivery
ORD02307,2024-06-21,CUST0528,P007,3,0.1,24300.0,19206.42,5093.58,East,Credit Card
ORD02052,2024-06-21,CUST0035,P008,2,0.0,15000.0,10627.97,4372.03,South,Credit Card
ORD01486,2024-06-22,CUST0765,P009,2,0.1,32400.0,23904.96,8495.04,South,Net Banking
ORD01584,2024-06-22,CUST0383,P004,1,0.0,42000.0,30006.78,11993.22,South,UPI
ORD02906,2024-06-23,CUST0570,P010,4,0.0,2000.0,1329.24,670.76,North,Debit Card
ORD02110,2024-06-23,CUST0591,P011,2,0.1,1620.0,1003.17,616.83,West,UPI
ORD02501,2024-06-23,CUST0538,P012,2,0.1,14400.0,9005.87,5394.13,North,UPI
ORD02900,2024-06-23,CUST0482,P003,2,0.1,8100.0,6986.87,1113.13,South,Credit Card
ORD00336,2024-06-23,CUST0420,P003,2,0.05,8550.0,6768.43,1781.57,South,Cash on Delivery
ORD02012,2024-06-23,CUST0546,P004,1,0.1,37800.0,36305.02,1494.98,North,UPI
ORD01350,2024-06-24,CUST0200,P004,1,0.0,42000.0,23732.05,18267.95,North,Net Banking
ORD02689,2024-06-24,CUST0652,P008,1,0.1,6750.0,4857.76,1892.24,South,UPI
ORD01192,2024-06-25,CUST0788,P009,1,0.1,16200.0,12768.26,3431.74,North,Debit Card
ORD02827,2024-06-25,CUST0594,P012,2,0.1,14400.0,13897.52,502.48,North,Credit Card
ORD02000,2024-06-25,CUST0722,P007,1,0.1,8100.0,7806.38,293.62,West,UPI
ORD01954,2024-06-26,CUST0788,P005,3,0.15,71400.0,47470.51,23929.49,North,UPI
ORD01175,2024-06-26,CUST0283,P008,1,0.1,6750.0,5922.41,827.59,North,Credit Card
ORD01250,2024-06-26,CUST0710,P008,1,0.1,6750.0,6381.7,368.3,South,Credit Card
ORD00318,2024-06-26,CUST0783,P005,2,0.1,50400.0,47373.4,3026.6,West,Net Banking
ORD02552,2024-06-27,CUST0161,P012,1,0.05,7600.0,5300.43,2299.57,North,UPI
ORD01498,2024-06-27,CUST0355,P004,5,0.15,178500.0,125966.72,52533.28,South,Credit Card
ORD00633,2024-06-28,CUST0287,P010,1,0.15,425.0,282.32,142.68,West,Credit Card
ORD02406,2024-06-29,CUST0126,P010,2,0.0,1000.0,768.85,231.15,West,UPI
ORD02400,2024-06-29,CUST0010,P009,3,0.0,54000.0,34216.82,19783.18,South,Debit Card
ORD01111,2024-06-30,CUST0302,P005,3,0.05,79800.0,66176.98,13623.02,South,Credit Card
ORD01131,2024-06-30,CUST0386,P011,5,0.05,4275.0,3598.76,676.24,West,UPI
ORD02091,2024-06-30,CUST0317,P006,3,0.05,34200.0,26292.03,7907.97,South,UPI
ORD01555,2024-07-01,CUST0747,P002,5,0.15,5100.0,4199.93,900.07,East,Net Banking
ORD02503,2024-07-01,CUST0154,P003,1,0.0,4500.0,3884.54,615.46,East,Debit Card
ORD00898,2024-07-01,CUST0146,P011,3,0.15,2295.0,2161.21,133.79,West,UPI
ORD01941,2024-07-01,CUST0572,P004,2,0.05,79800.0,53718.23,26081.77,West,Net Banking
ORD00758,2024-07-01,CUST0761,P001,2,0.05,123500.0,74612.67,48887.33,North,UPI
ORD01059,2024-07-01,CUST0034,P009,3,0.0,54000.0,30999.07,23000.93,East,Credit Card
ORD00786,2024-07-01,CUST0239,P010,1,0.1,450.0,304.17,145.83,North,Debit Card
ORD01057,2024-07-01,CUST0787,P012,1,0.0,8000.0,5387.81,2612.19,West,Credit Card
ORD00315,2024-07-02,CUST0358,P004,2,0.05,79800.0,49291.7,30508.3,South,UPI
ORD01795,2024-07-02,CUST0680,P002,1,0.2,960.0,820.79,139.21,South,Debit Card
ORD01916,2024-07-02,CUST0008,P011,2,0.15,1530.0,1374.47,155.53,North,Net Banking
ORD00312,2024-07-03,CUST0763,P007,4,0.05,34200.0,30974.11,3225.89,East,Credit Card
ORD02975,2024-07-03,CUST0132,P007,3,0.0,27000.0,19708.78,7291.22,South,UPI
ORD02783,2024-07-03,CUST0542,P004,5,0.0,210000.0,118094.04,91905.96,West,UPI
ORD02436,2024-07-03,CUST0444,P002,2,0.05,2280.0,1639.07,640.93,South,UPI
ORD00969,2024-07-04,CUST0099,P010,3,0.0,1500.0,1000.89,499.11,North,Cash on Delivery
ORD00215,2024-07-04,CUST0694,P002,4,0.1,4320.0,2645.72,1674.28,North,Credit Card
ORD02281,2024-07-05,CUST0554,P008,2,0.0,15000.0,9678.4,5321.6,North,Credit Card
ORD02763,2024-07-05,CUST0477,P001,1,0.05,61750.0,51864.18,9885.82,South,Net Banking
ORD01114,2024-07-06,CUST0107,P003,1,0.1,4050.0,3509.07,540.93,South,Debit Card
ORD02768,2024-07-06,CUST0289,P004,3,0.0,126000.0,91359.15,34640.85,East,Net Banking
ORD01041,2024-07-06,CUST0461,P011,1,0.0,900.0,654.88,245.12,North,UPI
ORD01876,2024-07-06,CUST0551,P008,3,0.15,19125.0,15975.67,3149.33,North,UPI
ORD01021,2024-07-06,CUST0720,P010,1,0.05,475.0,406.93,68.07,East,UPI
ORD02097,2024-07-06,CUST0663,P003,2,0.0,9000.0,7661.2,1338.8,West,Debit Card
ORD01895,2024-07-06,CUST0388,P012,2,0.1,14400.0,11430.08,2969.92,South,Net Banking
ORD01654,2024-07-06,CUST0428,P009,1,0.05,17100.0,11568.77,5531.23,North,UPI
ORD01911,2024-07-06,CUST0621,P007,2,0.2,14400.0,10109.0,4291.0,North,Debit Card
ORD02392,2024-07-07,CUST0617,P009,1,0.05,17100.0,13611.35,3488.65,West,UPI
ORD01339,2024-07-08,CUST0685,P012,5,0.15,34000.0,27717.94,6282.06,West,UPI
ORD00726,2024-07-08,CUST0571,P005,1,0.1,25200.0,22639.25,2560.75,South,Credit Card
ORD01538,2024-07-08,CUST0101,P008,2,0.0,15000.0,11614.22,3385.78,South,UPI
ORD00881,2024-07-08,CUST0423,P007,1,0.05,8550.0,5162.13,3387.87,West,UPI
ORD02467,2024-07-09,CUST0168,P010,2,0.0,1000.0,859.77,140.23,North,Net Banking
ORD01369,2024-07-09,CUST0411,P006,2,0.15,20400.0,16558.49,3841.51,East,UPI
ORD01374,2024-07-09,CUST0448,P011,1,0.15,765.0,650.07,114.93,South,Debit Card
ORD00803,2024-07-10,CUST0026,P008,2,0.0,15000.0,8324.69,6675.31,East,Net Banking
ORD02504,2024-07-10,CUST0154,P002,3,0.0,3600.0,2394.23,1205.77,East,Credit Card
ORD01678,2024-07-11,CUST0141,P004,1,0.1,37800.0,27616.08,10183.92,North,UPI
ORD02930,2024-07-11,CUST0307,P009,2,0.05,34200.0,27363.46,6836.54,South,UPI
ORD00337,2024-07-11,CUST0637,P008,2,0.0,15000.0,9663.66,5336.34,South,UPI
ORD02523,2024-07-11,CUST0712,P003,2,0.05,8550.0,7587.94,962.06,South,Net Banking
ORD02347,2024-07-11,CUST0058,P001,1,0.15,55250.0,49346.56,5903.44,South,Debit Card
ORD00123,2024-07-12,CUST0504,P009,2,0.0,36000.0,26825.33,9174.67,West,UPI
ORD02970,2024-07-12,CUST0090,P011,2,0.05,1710.0,1352.55,357.45,South,UPI
ORD01850,2024-07-12,CUST0126,P012,2,0.0,16000.0,11728.77,4271.23,West,Net Banking
ORD01883,2024-07-12,CUST0756,P002,2,0.15,2040.0,1572.55,467.45,South,Net Banking
ORD01507,2024-07-12,CUST0304,P003,1,0.0,4500.0,3848.99,651.01,South,UPI
ORD02473,2024-07-12,CUST0586,P002,2,0.1,2160.0,1685.5,474.5,South,UPI
ORD02143,2024-07-13,CUST0601,P002,1,0.1,1080.0,746.25,333.75,South,Credit Card
ORD01657,2024-07-13,CUST0491,P009,3,0.0,54000.0,38284.91,15715.09,West,Credit Card
ORD02904,2024-07-13,CUST0365,P003,1,0.05,4275.0,3906.87,368.13,South,Credit Card
ORD00637,2024-07-14,CUST0749,P010,1,0.2,400.0,382.99,17.01,South,Net Banking
ORD02809,2024-07-14,CUST0057,P012,2,0.15,13600.0,8996.59,4603.41,West,Debit Card
ORD01675,2024-07-14,CUST0025,P006,1,0.15,10200.0,10333.51,-133.51,West,Cash on Delivery
ORD01144,2024-07-14,CUST0195,P002,1,0.05,1140.0,733.8,406.2,North,UPI
ORD01310,2024-07-14,CUST0532,P008,3,0.1,20250.0,16276.4,3973.6,North,Debit Card
ORD02577,2024-07-15,CUST0578,P001,1,0.05,61750.0,49998.36,11751.64,South,Net Banking
ORD01196,2024-07-16,CUST0321,P002,1,0.15,1020.0,840.22,179.78,South,UPI
ORD01069,2024-07-16,CUST0116,P003,2,0.0,9000.0,6429.69,2570.31,North,UPI
ORD00296,2024-07-16,CUST0366,P005,3,0.15,71400.0,49835.65,21564.35,North,Debit Card
ORD02001,2024-07-16,CUST0732,P004,2,0.1,75600.0,73340.24,2259.76,West,UPI
ORD02477,2024-07-16,CUST0724,P009,1,0.05,17100.0,14611.08,2488.92,North,Credit Card
ORD02171,2024-07-17,CUST0448,P005,1,0.05,26600.0,23302.33,3297.67,South,UPI
ORD02362,2024-07-17,CUST0621,P010,1,0.1,450.0,368.99,81.01,North,Net Banking
ORD02955,2024-07-17,CUST0682,P007,1,0.0,9000.0,5051.74,3948.26,South,Credit Card
ORD00060,2024-07-17,CUST0606,P003,4,0.1,16200.0,15314.78,885.22,North,UPI
ORD01155,2024-07-17,CUST0793,P003,3,0.1,12150.0,11028.31,1121.69,North,Credit Card
ORD00820,2024-07-18,CUST0399,P010,1,0.05,475.0,367.75,107.25,East,Credit Card
ORD00830,2024-07-18,CUST0122,P004,1,0.0,42000.0,27256.79,14743.21,South,Credit Card
ORD01470,2024-07-19,CUST0748,P008,4,0.05,28500.0,20344.15,8155.85,West,UPI
ORD01729,2024-07-19,CUST0557,P012,3,0.1,21600.0,14454.44,7145.56,South,Credit Card
ORD01878,2024-07-19,CUST0010,P012,1,0.15,6800.0,5090.68,1709.32,South,Net Banking
ORD01364,2024-07-19,CUST0207,P011,1,0.15,765.0,525.42,239.58,South,Net Banking
ORD01607,2024-07-20,CUST0197,P008,1,0.05,7125.0,4734.77,2390.23,East,Cash on Delivery
ORD02604,2024-07-20,CUST0238,P001,5,0.05,308750.0,185989.51,122760.49,South,UPI
ORD01019,2024-07-20,CUST0520,P006,5,0.15,51000.0,38933.9,12066.1,North,Debit Card
ORD00503,2024-07-20,CUST0272,P003,2,0.05,8550.0,5391.85,3158.15,South,Net Banking
ORD02450,2024-07-20,CUST0344,P007,2,0.15,15300.0,13448.34,1851.66,West,Cash on Delivery
ORD01682,2024-07-20,CUST0315,P011,2,0.05,1710.0,1182.29,527.71,North,Credit Card
ORD01440,2024-07-21,CUST0622,P002,2,0.0,2400.0,1360.79,1039.21,South,Credit Card
ORD01151,2024-07-21,CUST0030,P009,2,0.05,34200.0,30734.07,3465.93,West,Net Banking
ORD00928,2024-07-21,CUST0393,P011,4,0.05,3420.0,3046.12,373.88,South,Debit Card
ORD02726,2024-07-21,CUST0375,P005,3,0.0,84000.0,58007.97,25992.03,West,Debit Card
ORD01849,2024-07-22,CUST0508,P001,3,0.15,165750.0,120859.43,44890.57,South,Credit Card
ORD01696,2024-07-22,CUST0481,P009,2,0.15,30600.0,30598.9,1.1,North,Credit Card
ORD00276,2024-07-22,CUST0045,P001,2,0.0,130000.0,79836.85,50163.15,North,UPI
ORD02619,2024-07-22,CUST0560,P003,4,0.0,18000.0,10724.23,7275.77,South,Net Banking
ORD01134,2024-07-23,CUST0772,P007,1,0.0,9000.0,7774.41,1225.59,South,UPI
ORD02149,2024-07-23,CUST0445,P009,1,0.05,17100.0,15260.98,1839.02,North,UPI
ORD01962,2024-07-23,CUST0634,P009,1,0.05,17100.0,11991.33,5108.67,South,UPI
ORD02784,2024-07-23,CUST0684,P012,2,0.05,15200.0,13129.16,2070.84,North,UPI
ORD02913,2024-07-23,CUST0071,P001,3,0.1,175500.0,141710.57,33789.43,West,Debit Card
ORD00069,2024-07-24,CUST0730,P001,1,0.1,58500.0,41377.83,17122.17,West,Net Banking
ORD02991,2024-07-24,CUST0728,P001,2,0.05,123500.0,81895.54,41604.46,East,UPI
ORD00671,2024-07-24,CUST0183,P008,1,0.1,6750.0,5402.91,1347.09,North,Net Banking
ORD02886,2024-07-24,CUST0300,P007,2,0.1,16200.0,9983.67,6216.33,West,Net Banking
ORD00301,2024-07-24,CUST0631,P006,1,0.0,12000.0,8146.08,3853.92,West,Cash on Delivery
ORD02547,2024-07-24,CUST0334,P012,1,0.0,8000.0,6334.71,1665.29,South,UPI
ORD02435,2024-07-24,CUST0215,P005,2,0.1,50400.0,38042.2,12357.8,South,Net Banking
ORD01385,2024-07-25,CUST0267,P005,3,0.15,71400.0,62487.06,8912.94,West,UPI
ORD00190,2024-07-25,CUST0276,P003,2,0.0,9000.0,7239.57,1760.43,North,UPI
ORD02937,2024-07-25,CUST0420,P004,2,0.1,75600.0,52232.26,23367.74,South,UPI
ORD02790,2024-07-25,CUST0194,P002,2,0.05,2280.0,1842.48,437.52,East,UPI
ORD00591,2024-07-26,CUST0184,P009,1,0.0,18000.0,10747.03,7252.97,West,UPI
ORD00153,2024-07-26,CUST0781,P011,1,0.05,855.0,689.75,165.25,West,Debit Card
ORD00047,2024-07-26,CUST0574,P005,4,0.1,100800.0,78131.9,22668.1,West,Debit Card
ORD02624,2024-07-26,CUST0565,P008,1,0.15,6375.0,6442.73,-67.73,West,Credit Card
ORD00997,2024-07-27,CUST0298,P006,1,0.15,10200.0,7847.68,2352.32,South,Debit Card
ORD01981,2024-07-27,CUST0361,P001,2,0.0,130000.0,84060.67,45939.33,West,UPI
ORD00578,2024-07-27,CUST0233,P002,2,0.0,2400.0,1993.0,407.0,South,Credit Card
ORD02041,2024-07-28,CUST0112,P012,2,0.15,13600.0,9614.3,3985.7,North,Debit Card
ORD02553,2024-07-28,CUST0538,P004,1,0.1,37800.0,26649.64,11150.36,North,UPI
ORD01610,2024-07-28,CUST0480,P011,1,0.1,810.0,759.86,50.14,North,UPI
ORD02220,2024-07-28,CUST0018,P010,2,0.05,950.0,626.32,323.68,North,Cash on Delivery
ORD01386,2024-07-28,CUST0359,P010,2,0.0,1000.0,774.17,225.83,South,Cash on Delivery
ORD01269,2024-07-28,CUST0795,P003,2,0.05,8550.0,6997.94,1552.06,South,Credit Card
ORD01323,2024-07-29,CUST0131,P008,1,0.0,7500.0,5119.25,2380.75,West,Credit Card
ORD00850,2024-07-29,CUST0732,P002,2,0.05,2280.0,1893.54,386.46,West,Debit Card
ORD01044,2024-07-29,CUST0064,P012,1,0.0,8000.0,5011.21,2988.79,South,Debit Card
ORD01006,2024-07-29,CUST0072,P010,2,0.05,950.0,862.71,87.29,South,UPI
ORD02711,2024-07-30,CUST0306,P012,1,0.1,7200.0,4464.67,2735.33,West,Debit Card
ORD02419,2024-07-30,CUST0574,P008,4,0.15,25500.0,18494.3,7005.7,West,Credit Card
ORD01230,2024-07-31,CUST0440,P010,1,0.1,450.0,415.56,34.44,East,Credit Card
ORD02445,2024-07-31,CUST0427,P007,2,0.0,18000.0,11095.44,6904.56,East,Credit Card
ORD00937,2024-07-31,CUST0233,P009,1,0.0,18000.0,14519.88,3480.12,South,Credit Card
ORD00771,2024-07-31,CUST0702,P003,3,0.15,11475.0,11664.06,-189.06,South,Credit Card
ORD00774,2024-07-31,CUST0529,P011,1,0.0,900.0,786.33,113.67,East,Net Banking
ORD02831,2024-07-31,CUST0639,P010,3,0.0,1500.0,1287.74,212.26,South,Credit Card
ORD01634,2024-07-31,CUST0691,P010,2,0.1,900.0,557.31,342.69,West,Debit Card
ORD02785,2024-08-01,CUST0309,P001,3,0.15,165750.0,114073.53,51676.47,West,Debit Card
ORD00100,2024-08-01,CUST0340,P007,3,0.15,22950.0,23215.53,-265.53,East,UPI
ORD01514,2024-08-01,CUST0203,P011,2,0.1,1620.0,1342.53,277.47,South,Credit Card
ORD02139,2024-08-01,CUST0310,P012,2,0.15,13600.0,12201.12,1398.88,South,UPI
ORD01772,2024-08-01,CUST0085,P012,1,0.05,7600.0,6171.68,1428.32,East,UPI
ORD01227,2024-08-01,CUST0206,P009,2,0.05,34200.0,29925.6,4274.4,South,UPI
ORD01922,2024-08-02,CUST0521,P012,1,0.1,7200.0,5538.12,1661.88,North,Net Banking
ORD02590,2024-08-02,CUST0276,P004,4,0.0,168000.0,137462.93,30537.07,North,Credit Card
ORD02588,2024-08-02,CUST0130,P003,5,0.15,19125.0,13355.68,5769.32,West,UPI
ORD00657,2024-08-03,CUST0460,P003,1,0.15,3825.0,3550.5,274.5,East,Debit Card
ORD01811,2024-08-03,CUST0296,P005,2,0.2,44800.0,39458.07,5341.93,East,UPI
ORD00307,2024-08-03,CUST0523,P007,1,0.0,9000.0,7695.38,1304.62,East,UPI
ORD02192,2024-08-03,CUST0327,P006,2,0.05,22800.0,18458.85,4341.15,South,UPI
ORD00310,2024-08-04,CUST0364,P004,2,0.1,75600.0,66083.3,9516.7,West,Credit Card
ORD00878,2024-08-04,CUST0658,P007,2,0.05,17100.0,15473.12,1626.88,West,Credit Card
ORD02153,2024-08-05,CUST0485,P004,1,0.1,37800.0,28276.99,9523.01,North,Credit Card
ORD00544,2024-08-05,CUST0265,P011,4,0.05,3420.0,3080.26,339.74,South,Credit Card
ORD00340,2024-08-05,CUST0101,P008,1,0.05,7125.0,5591.3,1533.7,South,UPI
ORD02601,2024-08-05,CUST0674,P002,3,0.1,3240.0,2392.65,847.35,West,Debit Card
ORD02009,2024-08-05,CUST0007,P007,1,0.15,7650.0,6205.66,1444.34,West,Net Banking
ORD01338,2024-08-05,CUST0102,P003,1,0.0,4500.0,2982.28,1517.72,West,UPI
ORD02633,2024-08-06,CUST0387,P008,1,0.15,6375.0,4242.27,2132.73,West,UPI
ORD01390,2024-08-06,CUST0652,P005,3,0.05,79800.0,47769.02,32030.98,South,Debit Card
ORD00359,2024-08-07,CUST0192,P010,4,0.0,2000.0,1169.51,830.49,West,Debit Card
ORD01125,2024-08-07,CUST0348,P011,3,0.05,2565.0,2221.97,343.03,West,Debit Card
ORD01281,2024-08-07,CUST0110,P009,2,0.15,30600.0,21629.01,8970.99,West,Credit Card
ORD01127,2024-08-07,CUST0559,P009,1,0.0,18000.0,13011.63,4988.37,West,UPI
ORD00482,2024-08-07,CUST0337,P004,1,0.05,39900.0,35655.35,4244.65,South,Credit Card
ORD00866,2024-08-07,CUST0487,P002,3,0.0,3600.0,2962.39,637.61,West,UPI
ORD02375,2024-08-08,CUST0154,P011,2,0.0,1800.0,1416.18,383.82,East,Debit Card
ORD01028,2024-08-08,CUST0400,P003,1,0.0,4500.0,3542.44,957.56,North,Debit Card
ORD02986,2024-08-08,CUST0367,P004,1,0.0,42000.0,31066.8,10933.2,North,Credit Card
ORD00411,2024-08-08,CUST0708,P001,1,0.05,61750.0,42990.6,18759.4,South,UPI
ORD00738,2024-08-08,CUST0438,P004,1,0.15,35700.0,33630.92,2069.08,East,Credit Card
ORD01442,2024-08-09,CUST0358,P011,1,0.05,855.0,726.57,128.43,South,UPI
ORD00912,2024-08-09,CUST0401,P011,3,0.0,2700.0,2351.86,348.14,East,UPI
ORD00868,2024-08-10,CUST0776,P005,4,0.2,89600.0,74307.32,15292.68,South,UPI
ORD01638,2024-08-10,CUST0136,P006,4,0.0,48000.0,40398.74,7601.26,North,UPI
ORD00314,2024-08-10,CUST0050,P001,1,0.05,61750.0,43216.23,18533.77,West,Credit Card
ORD00137,2024-08-10,CUST0027,P001,1,0.0,65000.0,47673.44,17326.56,North,Cash on Delivery
ORD02224,2024-08-10,CUST0171,P007,1,0.2,7200.0,7037.45,162.55,South,Debit Card
ORD00978,2024-08-11,CUST0448,P010,3,0.15,1275.0,1267.72,7.28,South,Debit Card
ORD02134,2024-08-12,CUST0765,P006,1,0.2,9600.0,7184.33,2415.67,South,UPI
ORD00118,2024-08-12,CUST0688,P005,5,0.05,133000.0,81730.91,51269.09,South,Credit Card
ORD00513,2024-08-13,CUST0238,P003,4,0.05,17100.0,10676.48,6423.52,South,Net Banking
ORD02147,2024-08-13,CUST0340,P002,2,0.0,2400.0,1884.83,515.17,East,Debit Card
ORD01332,2024-08-13,CUST0276,P011,1,0.0,900.0,573.12,326.88,North,Net Banking
ORD00893,2024-08-13,CUST0004,P010,1,0.05,475.0,356.5,118.5,North,Credit Card
ORD01376,2024-08-14,CUST0369,P012,1,0.15,6800.0,5682.29,1117.71,North,Debit Card
ORD02037,2024-08-14,CUST0222,P003,1,0.2,3600.0,3836.27,-236.27,East,Debit Card
ORD01015,2024-08-14,CUST0063,P003,3,0.2,10800.0,11392.41,-592.41,South,Credit Card
ORD01314,2024-08-14,CUST0437,P011,5,0.05,4275.0,3314.25,960.75,West,Credit Card
ORD02069,2024-08-14,CUST0690,P009,1,0.2,14400.0,10852.57,3547.43,North,UPI
ORD01245,2024-08-14,CUST0104,P001,2,0.05,123500.0,95546.81,27953.19,South,Debit Card
ORD00794,2024-08-14,CUST0415,P001,1,0.05,61750.0,46248.69,15501.31,West,Credit Card
ORD02128,2024-08-15,CUST0349,P010,1,0.0,500.0,437.85,62.15,South,Debit Card
ORD01807,2024-08-15,CUST0109,P012,1,0.1,7200.0,4423.53,2776.47,North,Cash on Delivery
ORD00846,2024-08-15,CUST0463,P010,3,0.05,1425.0,897.66,527.34,East,Cash on Delivery
ORD01137,2024-08-15,CUST0410,P010,2,0.05,950.0,606.87,343.13,North,UPI
ORD00248,2024-08-16,CUST0296,P002,2,0.0,2400.0,1779.07,620.93,East,UPI
ORD00965,2024-08-16,CUST0116,P005,1,0.1,25200.0,16757.57,8442.43,North,UPI
ORD02098,2024-08-17,CUST0050,P008,1,0.0,7500.0,5278.63,2221.37,West,Credit Card
ORD00566,2024-08-17,CUST0733,P005,2,0.05,53200.0,30964.17,22235.83,West,UPI
ORD02636,2024-08-17,CUST0535,P001,2,0.05,123500.0,91165.32,32334.68,South,UPI
ORD00742,2024-08-18,CUST0615,P009,1,0.0,18000.0,10138.78,7861.22,West,UPI
ORD00984,2024-08-18,CUST0784,P012,4,0.0,32000.0,23417.46,8582.54,West,UPI
ORD00241,2024-08-18,CUST0434,P012,1,0.0,8000.0,6713.44,1286.56,West,Credit Card
ORD01927,2024-08-18,CUST0509,P005,1,0.0,28000.0,18451.67,9548.33,East,UPI
ORD02965,2024-08-19,CUST0368,P006,2,0.05,22800.0,20095.41,2704.59,North,Debit Card
ORD00816,2024-08-19,CUST0462,P010,2,0.05,950.0,659.01,290.99,West,Cash on Delivery
ORD01493,2024-08-19,CUST0658,P007,2,0.0,18000.0,13077.18,4922.82,West,UPI
ORD00844,2024-08-19,CUST0128,P012,4,0.0,32000.0,22268.16,9731.84,North,Credit Card
ORD01549,2024-08-20,CUST0423,P006,2,0.0,24000.0,16253.54,7746.46,West,Net Banking
ORD01930,2024-08-20,CUST0376,P001,1,0.05,61750.0,51859.46,9890.54,North,Cash on Delivery
ORD02166,2024-08-20,CUST0390,P003,3,0.1,12150.0,9647.99,2502.01,South,UPI
ORD00916,2024-08-20,CUST0416,P009,1,0.1,16200.0,11370.5,4829.5,North,UPI
ORD00992,2024-08-21,CUST0364,P006,3,0.0,36000.0,27975.43,8024.57,West,Debit Card
ORD02883,2024-08-21,CUST0336,P010,4,0.1,1800.0,1308.95,491.05,North,UPI
ORD01713,2024-08-21,CUST0370,P004,2,0.0,84000.0,57807.87,26192.13,North,UPI
ORD02015,2024-08-22,CUST0215,P004,1,0.1,37800.0,27625.34,10174.66,South,Cash on Delivery
ORD02875,2024-08-22,CUST0461,P011,2,0.0,1800.0,1322.93,477.07,North,Debit Card
ORD01631,2024-08-22,CUST0122,P012,1,0.1,7200.0,6356.45,843.55,South,Credit Card
ORD02231,2024-08-22,CUST0499,P001,2,0.0,130000.0,87209.84,42790.16,West,Cash on Delivery
ORD00932,2024-08-22,CUST0270,P003,1,0.0,4500.0,2993.39,1506.61,West,Credit Card
ORD02068,2024-08-22,CUST0298,P011,1,0.05,855.0,755.39,99.61,South,UPI
ORD00072,2024-08-23,CUST0396,P005,2,0.0,56000.0,39379.72,16620.28,North,Debit Card
ORD02038,2024-08-23,CUST0328,P001,1,0.0,65000.0,40753.55,24246.45,South,UPI
ORD00927,2024-08-23,CUST0515,P007,2,0.0,18000.0,13956.0,4044.0,South,Cash on Delivery
ORD00220,2024-08-24,CUST0645,P007,1,0.0,9000.0,7044.09,1955.91,South,Net Banking
ORD02685,2024-08-24,CUST0307,P001,2,0.1,117000.0,73119.87,43880.13,South,Net Banking
ORD00604,2024-08-24,CUST0058,P003,1,0.0,4500.0,2516.73,1983.27,South,Debit Card
ORD00680,2024-08-25,CUST0433,P010,3,0.05,1425.0,1200.41,224.59,East,UPI
ORD00924,2024-08-25,CUST0759,P011,2,0.0,1800.0,1405.89,394.11,West,UPI
ORD01267,2024-08-25,CUST0773,P008,4,0.05,28500.0,17044.97,11455.03,North,Net Banking
ORD02850,2024-08-26,CUST0655,P009,1,0.05,17100.0,10753.0,6347.0,North,Credit Card
ORD00650,2024-08-26,CUST0005,P001,3,0.1,175500.0,116750.37,58749.63,South,UPI
ORD02912,2024-08-26,CUST0545,P010,3,0.05,1425.0,903.18,521.82,North,Credit Card
ORD02529,2024-08-27,CUST0408,P001,1,0.0,65000.0,54977.56,10022.44,East,Cash on Delivery
ORD01576,2024-08-27,CUST0580,P001,1,0.1,58500.0,38479.54,20020.46,North,Net Banking
ORD01976,2024-08-28,CUST0367,P005,3,0.1,75600.0,54287.45,21312.55,North,Debit Card
ORD00466,2024-08-28,CUST0287,P010,1,0.0,500.0,417.75,82.25,West,Credit Card
ORD02200,2024-08-29,CUST0283,P001,2,0.05,123500.0,87175.43,36324.57,North,Credit Card
ORD00507,2024-08-29,CUST0511,P001,3,0.1,175500.0,151011.66,24488.34,South,UPI
ORD00815,2024-08-29,CUST0526,P002,1,0.1,1080.0,765.08,314.92,West,UPI
ORD00772,2024-08-29,CUST0687,P009,1,0.1,16200.0,14204.19,1995.81,South,Net Banking
ORD02801,2024-08-29,CUST0279,P006,1,0.05,11400.0,10450.28,949.72,South,Debit Card
ORD00116,2024-08-29,CUST0120,P003,1,0.0,4500.0,3862.08,637.92,North,Credit Card
ORD00306,2024-08-29,CUST0494,P001,3,0.0,195000.0,110710.54,84289.46,West,UPI
ORD01218,2024-08-30,CUST0128,P002,4,0.05,4560.0,4002.92,557.08,North,Net Banking
ORD00167,2024-08-30,CUST0695,P004,2,0.05,79800.0,65240.25,14559.75,North,UPI
ORD00647,2024-08-31,CUST0010,P008,2,0.05,14250.0,11541.91,2708.09,South,Credit Card
ORD02916,2024-09-01,CUST0200,P011,2,0.0,1800.0,1100.67,699.33,North,Debit Card
ORD02267,2024-09-01,CUST0384,P004,5,0.1,189000.0,156341.86,32658.14,South,Debit Card
ORD02495,2024-09-01,CUST0205,P007,1,0.05,8550.0,5496.21,3053.79,South,Net Banking
ORD01717,2024-09-01,CUST0114,P009,3,0.0,54000.0,41701.59,12298.41,South,Debit Card
ORD00763,2024-09-02,CUST0405,P001,2,0.15,110500.0,83812.43,26687.57,North,UPI
ORD01789,2024-09-02,CUST0225,P002,3,0.05,3420.0,2625.07,794.93,South,Debit Card
ORD00216,2024-09-02,CUST0722,P011,2,0.0,1800.0,1140.69,659.31,West,Debit Card
ORD01305,2024-09-03,CUST0344,P010,3,0.05,1425.0,1148.59,276.41,West,Debit Card
ORD02861,2024-09-03,CUST0740,P009,1,0.0,18000.0,11609.26,6390.74,South,Debit Card
ORD02269,2024-09-03,CUST0083,P002,4,0.15,4080.0,3217.75,862.25,South,UPI
ORD02888,2024-09-03,CUST0357,P009,1,0.05,17100.0,11246.28,5853.72,West,Net Banking
ORD02311,2024-09-03,CUST0680,P009,1,0.0,18000.0,14090.37,3909.63,South,Debit Card
ORD01360,2024-09-04,CUST0752,P008,4,0.0,30000.0,18610.33,11389.67,South,UPI
ORD02670,2024-09-04,CUST0397,P007,5,0.15,38250.0,25574.82,12675.18,West,Cash on Delivery
ORD02401,2024-09-04,CUST0583,P003,4,0.15,15300.0,13662.58,1637.42,East,Debit Card
ORD00611,2024-09-04,CUST0247,P005,3,0.1,75600.0,49665.38,25934.62,North,UPI
ORD02706,2024-09-04,CUST0752,P002,1,0.1,1080.0,793.42,286.58,South,Credit Card
ORD02205,2024-09-04,CUST0284,P012,1,0.0,8000.0,6236.97,1763.03,South,Debit Card
ORD01580,2024-09-06,CUST0605,P003,1,0.0,4500.0,3820.11,679.89,North,UPI
ORD00207,2024-09-06,CUST0468,P001,3,0.0,195000.0,131512.23,63487.77,South,Net Banking
ORD01141,2024-09-06,CUST0493,P004,1,0.15,35700.0,33980.09,1719.91,West,UPI
ORD00286,2024-09-07,CUST0212,P002,2,0.2,1920.0,2109.95,-189.95,North,UPI
ORD00148,2024-09-07,CUST0675,P010,2,0.0,1000.0,713.05,286.95,North,Credit Card
ORD00308,2024-09-07,CUST0098,P008,3,0.0,22500.0,17288.28,5211.72,East,Cash on Delivery
ORD02935,2024-09-07,CUST0215,P003,1,0.1,4050.0,2920.74,1129.26,South,Net Banking
ORD01389,2024-09-07,CUST0666,P006,3,0.05,34200.0,23666.54,10533.46,South,UPI
ORD02772,2024-09-08,CUST0687,P003,1,0.1,4050.0,3656.38,393.62,South,UPI
ORD02245,2024-09-08,CUST0068,P012,2,0.05,15200.0,9271.4,5928.6,North,Debit Card
ORD02067,2024-09-08,CUST0123,P004,1,0.0,42000.0,36732.57,5267.43,East,Credit Card
ORD00717,2024-09-09,CUST0237,P003,2,0.0,9000.0,5297.62,3702.38,West,Debit Card
ORD00674,2024-09-09,CUST0246,P003,3,0.0,13500.0,10587.59,2912.41,East,Credit Card
ORD02454,2024-09-10,CUST0609,P001,1,0.1,58500.0,47537.92,10962.08,West,Net Banking
ORD00529,2024-09-10,CUST0479,P005,5,0.0,140000.0,90034.97,49965.03,East,Debit Card
ORD02405,2024-09-10,CUST0740,P012,1,0.2,6400.0,4838.41,1561.59,South,UPI
ORD01089,2024-09-10,CUST0580,P010,1,0.1,450.0,417.53,32.47,North,Net Banking
ORD00705,2024-09-10,CUST0192,P002,2,0.0,2400.0,1512.7,887.3,West,Cash on Delivery
ORD01241,2024-09-10,CUST0400,P002,2,0.2,1920.0,1957.78,-37.78,North,UPI
ORD02294,2024-09-11,CUST0110,P005,2,0.0,56000.0,46585.55,9414.45,West,UPI
ORD01452,2024-09-11,CUST0320,P012,1,0.0,8000.0,6183.66,1816.34,North,Credit Card
ORD02353,2024-09-12,CUST0535,P004,3,0.1,113400.0,69829.69,43570.31,South,UPI
ORD02786,2024-09-12,CUST0343,P001,4,0.1,234000.0,177637.15,56362.85,West,Net Banking
ORD00929,2024-09-12,CUST0316,P008,1,0.05,7125.0,4948.12,2176.88,West,UPI
ORD00039,2024-09-13,CUST0400,P007,1,0.0,9000.0,7475.07,1524.93,North,Debit Card
ORD00265,2024-09-13,CUST0008,P002,2,0.0,2400.0,1514.16,885.84,North,Credit Card
ORD01880,2024-09-13,CUST0756,P008,2,0.0,15000.0,10318.07,4681.93,South,Net Banking
ORD02659,2024-09-14,CUST0119,P008,3,0.05,21375.0,17849.07,3525.93,West,Credit Card
ORD01627,2024-09-14,CUST0349,P004,3,0.05,119700.0,75583.16,44116.84,South,Cash on Delivery
ORD01276,2024-09-15,CUST0287,P009,2,0.15,30600.0,21941.91,8658.09,West,Debit Card
ORD00572,2024-09-15,CUST0342,P006,2,0.0,24000.0,16621.84,7378.16,North,UPI
ORD01301,2024-09-16,CUST0724,P007,1,0.1,8100.0,5631.35,2468.65,North,Debit Card
ORD01288,2024-09-16,CUST0201,P004,1,0.1,37800.0,29601.77,8198.23,East,Debit Card
ORD01105,2024-09-16,CUST0130,P002,1,0.15,1020.0,735.42,284.58,West,Debit Card
ORD01070,2024-09-16,CUST0239,P008,3,0.0,22500.0,19004.27,3495.73,North,UPI
ORD02260,2024-09-16,CUST0532,P005,2,0.0,56000.0,34380.85,21619.15,North,UPI
ORD00732,2024-09-16,CUST0030,P005,2,0.0,56000.0,43469.46,12530.54,West,Debit Card
ORD01889,2024-09-16,CUST0191,P002,4,0.05,4560.0,2993.73,1566.27,South,Credit Card
ORD01961,2024-09-16,CUST0013,P007,2,0.15,15300.0,13243.81,2056.19,North,Credit Card
ORD00973,2024-09-17,CUST0405,P002,3,0.15,3060.0,2813.8,246.2,North,Credit Card
ORD00857,2024-09-17,CUST0287,P003,2,0.05,8550.0,5890.74,2659.26,West,UPI
ORD01101,2024-09-17,CUST0181,P003,1,0.0,4500.0,3155.5,1344.5,West,UPI
ORD00249,2024-09-17,CUST0118,P011,1,0.1,810.0,528.05,281.95,South,Credit Card
ORD02840,2024-09-17,CUST0544,P007,2,0.2,14400.0,13182.85,1217.15,South,Credit Card
ORD01513,2024-09-18,CUST0278,P012,4,0.15,27200.0,26492.67,707.33,West,UPI
ORD00640,2024-09-18,CUST0579,P007,1,0.0,9000.0,5547.2,3452.8,South,Net Banking
ORD01715,2024-09-18,CUST0588,P012,1,0.1,7200.0,4501.45,2698.55,West,Debit Card
ORD02688,2024-09-18,CUST0441,P009,2,0.0,36000.0,26337.14,9662.86,South,Credit Card
ORD01518,2024-09-18,CUST0222,P007,3,0.05,25650.0,17535.46,8114.54,East,UPI
ORD02492,2024-09-18,CUST0107,P001,2,0.0,130000.0,96148.92,33851.08,South,Debit Card
ORD00728,2024-09-19,CUST0514,P006,4,0.15,40800.0,35658.82,5141.18,North,UPI
ORD02055,2024-09-19,CUST0758,P001,5,0.05,308750.0,248271.48,60478.52,East,Credit Card
ORD00531,2024-09-19,CUST0471,P006,3,0.0,36000.0,25601.65,10398.35,South,Net Banking
ORD00458,2024-09-19,CUST0177,P007,2,0.15,15300.0,13293.01,2006.99,West,UPI
ORD00582,2024-09-20,CUST0149,P010,2,0.1,900.0,610.32,289.68,East,Credit Card
ORD00142,2024-09-20,CUST0091,P003,1,0.0,4500.0,3682.48,817.52,West,Net Banking
ORD01861,2024-09-20,CUST0641,P011,4,0.0,3600.0,3115.33,484.67,North,Credit Card
ORD01318,2024-09-21,CUST0326,P005,1,0.1,25200.0,24489.03,710.97,South,Credit Card
ORD01434,2024-09-21,CUST0750,P002,1,0.0,1200.0,738.82,461.18,North,Debit Card
ORD02309,2024-09-21,CUST0061,P009,1,0.05,17100.0,12105.9,4994.1,South,UPI
ORD01887,2024-09-21,CUST0015,P006,4,0.0,48000.0,33385.99,14614.01,West,UPI
ORD02665,2024-09-22,CUST0657,P005,1,0.0,28000.0,24471.99,3528.01,East,Credit Card
ORD00672,2024-09-22,CUST0368,P011,3,0.15,2295.0,2101.19,193.81,North,UPI
ORD01609,2024-09-22,CUST0053,P006,1,0.05,11400.0,9305.88,2094.12,West,UPI
ORD02342,2024-09-22,CUST0340,P002,1,0.05,1140.0,679.65,460.35,East,Debit Card
ORD02180,2024-09-23,CUST0265,P008,2,0.0,15000.0,9970.44,5029.56,South,UPI
ORD00403,2024-09-23,CUST0211,P004,2,0.1,75600.0,52351.5,23248.5,West,Net Banking
ORD01785,2024-09-23,CUST0589,P012,3,0.1,21600.0,16137.96,5462.04,West,UPI
ORD01574,2024-09-24,CUST0378,P006,2,0.2,19200.0,18552.22,647.78,South,Net Banking
ORD01629,2024-09-24,CUST0067,P009,2,0.2,28800.0,22565.33,6234.67,North,Debit Card
ORD01273,2024-09-24,CUST0206,P011,5,0.05,4275.0,3945.28,329.72,South,UPI
ORD00218,2024-09-24,CUST0075,P002,2,0.0,2400.0,1810.0,590.0,North,Debit Card
ORD01255,2024-09-24,CUST0317,P004,3,0.1,113400.0,84080.1,29319.9,South,UPI
ORD01459,2024-09-24,CUST0169,P011,1,0.0,900.0,680.56,219.44,East,Credit Card
ORD01299,2024-09-25,CUST0247,P010,1,0.0,500.0,380.29,119.71,North,Credit Card
ORD02923,2024-09-25,CUST0655,P009,1,0.1,16200.0,14520.73,1679.27,North,UPI
ORD00261,2024-09-26,CUST0538,P012,2,0.1,14400.0,12943.4,1456.6,North,Debit Card
ORD01128,2024-09-26,CUST0181,P002,2,0.1,2160.0,2067.93,92.07,West,UPI
ORD02516,2024-09-26,CUST0177,P010,1,0.15,425.0,376.97,48.03,West,Cash on Delivery
ORD01408,2024-09-26,CUST0007,P001,2,0.15,110500.0,109348.01,1151.99,West,Credit Card
ORD02385,2024-09-27,CUST0583,P011,1,0.1,810.0,576.25,233.75,East,Debit Card
ORD00019,2024-09-27,CUST0314,P010,1,0.1,450.0,422.92,27.08,West,Debit Card
ORD00045,2024-09-27,CUST0757,P002,1,0.2,960.0,799.74,160.26,West,Net Banking
ORD02701,2024-09-27,CUST0008,P004,2,0.1,75600.0,56736.84,18863.16,North,Debit Card
ORD01357,2024-09-28,CUST0020,P003,2,0.05,8550.0,7551.84,998.16,South,Credit Card
ORD02243,2024-09-28,CUST0506,P006,1,0.05,11400.0,9262.71,2137.29,North,Credit Card
ORD02448,2024-09-28,CUST0041,P004,1,0.0,42000.0,36763.24,5236.76,South,Cash on Delivery
ORD00071,2024-09-29,CUST0178,P001,2,0.0,130000.0,79101.61,50898.39,South,UPI
ORD01352,2024-09-29,CUST0627,P002,3,0.15,3060.0,3000.86,59.14,East,Cash on Delivery
ORD02265,2024-09-29,CUST0369,P001,1,0.0,65000.0,40787.32,24212.68,North,UPI
ORD01769,2024-09-29,CUST0236,P004,2,0.0,84000.0,66790.16,17209.84,West,UPI
ORD01024,2024-09-29,CUST0175,P006,1,0.0,12000.0,6978.32,5021.68,East,Credit Card
ORD00896,2024-09-29,CUST0288,P004,2,0.1,75600.0,54118.19,21481.81,South,UPI
ORD02056,2024-09-30,CUST0237,P003,2,0.1,8100.0,6115.74,1984.26,West,UPI
ORD02330,2024-09-30,CUST0327,P010,1,0.15,425.0,295.0,130.0,South,Net Banking
ORD02255,2024-09-30,CUST0435,P003,1,0.05,4275.0,3522.82,752.18,South,Cash on Delivery
ORD00086,2024-09-30,CUST0061,P001,2,0.0,130000.0,100404.41,29595.59,South,UPI
ORD01416,2024-10-01,CUST0791,P006,5,0.05,57000.0,35284.73,21715.27,West,Debit Card
ORD02740,2024-10-01,CUST0057,P009,2,0.0,36000.0,23282.17,12717.83,West,UPI
ORD01468,2024-10-02,CUST0673,P002,2,0.1,2160.0,1599.19,560.81,North,Cash on Delivery
ORD00304,2024-10-02,CUST0064,P003,1,0.15,3825.0,2541.39,1283.61,South,Credit Card
ORD00267,2024-10-02,CUST0296,P006,1,0.05,11400.0,6728.09,4671.91,East,Credit Card
ORD02212,2024-10-03,CUST0318,P012,1,0.0,8000.0,6906.25,1093.75,West,UPI
ORD01336,2024-10-03,CUST0243,P004,1,0.1,37800.0,35349.29,2450.71,North,UPI
ORD01222,2024-10-03,CUST0454,P001,3,0.05,185250.0,148109.27,37140.73,South,Cash on Delivery
ORD01643,2024-10-03,CUST0009,P004,1,0.0,42000.0,33252.91,8747.09,West,UPI
ORD00480,2024-10-03,CUST0500,P003,1,0.05,4275.0,2945.77,1329.23,South,Credit Card
ORD02816,2024-10-03,CUST0339,P004,2,0.05,79800.0,55675.68,24124.32,West,UPI
ORD00843,2024-10-03,CUST0141,P002,4,0.0,4800.0,3638.34,1161.66,North,UPI
ORD01848,2024-10-03,CUST0429,P002,1,0.0,1200.0,1027.34,172.66,West,UPI
ORD00948,2024-10-04,CUST0281,P005,1,0.05,26600.0,19632.14,6967.86,West,UPI
ORD02349,2024-10-04,CUST0211,P005,1,0.0,28000.0,24489.31,3510.69,West,Credit Card
ORD01737,2024-10-04,CUST0440,P003,1,0.05,4275.0,3557.44,717.56,East,Debit Card
ORD02165,2024-10-04,CUST0482,P001,1,0.05,61750.0,38257.57,23492.43,South,Debit Card
ORD00383,2024-10-05,CUST0530,P003,5,0.15,19125.0,14249.14,4875.86,South,Debit Card
ORD00605,2024-10-05,CUST0269,P001,1,0.05,61750.0,56762.72,4987.28,South,UPI
ORD01639,2024-10-05,CUST0016,P008,2,0.0,15000.0,9236.74,5763.26,South,UPI
ORD01349,2024-10-05,CUST0211,P004,3,0.05,119700.0,105856.58,13843.42,West,Debit Card
ORD02403,2024-10-05,CUST0226,P006,3,0.1,32400.0,24610.37,7789.63,South,Debit Card
ORD00539,2024-10-06,CUST0001,P006,1,0.0,12000.0,7642.24,4357.76,North,Cash on Delivery
ORD01762,2024-10-06,CUST0662,P008,1,0.05,7125.0,6096.18,1028.82,North,UPI
ORD02389,2024-10-06,CUST0287,P001,2,0.0,130000.0,91890.53,38109.47,West,UPI
ORD00963,2024-10-07,CUST0334,P002,2,0.0,2400.0,1749.58,650.42,South,Net Banking
ORD01406,2024-10-07,CUST0480,P010,1,0.05,475.0,319.22,155.78,North,UPI
ORD01937,2024-10-07,CUST0308,P009,3,0.1,48600.0,44049.04,4550.96,North,Debit Card
ORD02358,2024-10-08,CUST0027,P012,2,0.1,14400.0,12048.4,2351.6,North,Credit Card
ORD00292,2024-10-08,CUST0264,P002,3,0.1,3240.0,2050.85,1189.15,West,Cash on Delivery
ORD02920,2024-10-08,CUST0586,P003,1,0.05,4275.0,3059.34,1215.66,South,UPI
ORD01520,2024-10-09,CUST0090,P007,1,0.15,7650.0,5368.23,2281.77,South,Credit Card
ORD00940,2024-10-09,CUST0083,P005,5,0.05,133000.0,83504.96,49495.04,South,Net Banking
ORD01277,2024-10-09,CUST0355,P006,3,0.05,34200.0,20547.23,13652.77,South,UPI
ORD02649,2024-10-09,CUST0618,P001,2,0.0,130000.0,86454.56,43545.44,North,Debit Card
ORD02390,2024-10-09,CUST0594,P011,3,0.0,2700.0,2125.0,575.0,North,Net Banking
ORD02812,2024-10-09,CUST0410,P003,1,0.0,4500.0,2854.42,1645.58,North,Cash on Delivery
ORD02525,2024-10-09,CUST0630,P012,1,0.1,7200.0,5320.61,1879.39,South,Debit Card
ORD02562,2024-10-09,CUST0514,P007,1,0.05,8550.0,7017.57,1532.43,North,UPI
ORD00817,2024-10-10,CUST0013,P006,4,0.15,40800.0,35091.04,5708.96,North,Credit Card
ORD01418,2024-10-10,CUST0540,P012,1,0.1,7200.0,6773.59,426.41,West,UPI
ORD02674,2024-10-10,CUST0121,P007,1,0.0,9000.0,7792.22,1207.78,West,Credit Card
ORD00272,2024-10-10,CUST0439,P002,4,0.1,4320.0,3728.65,591.35,West,Credit Card
ORD01776,2024-10-10,CUST0489,P009,2,0.15,30600.0,31568.66,-968.66,North,Credit Card
ORD02849,2024-10-11,CUST0178,P011,1,0.15,765.0,580.81,184.19,South,Net Banking
ORD00013,2024-10-11,CUST0719,P012,1,0.15,6800.0,5119.74,1680.26,South,UPI
ORD01855,2024-10-12,CUST0221,P003,1,0.1,4050.0,3017.81,1032.19,East,Cash on Delivery
ORD01433,2024-10-12,CUST0720,P011,1,0.0,900.0,749.91,150.09,East,Debit Card
ORD00615,2024-10-12,CUST0186,P004,2,0.05,79800.0,68119.72,11680.28,North,UPI
ORD01837,2024-10-13,CUST0225,P001,1,0.0,65000.0,50385.45,14614.55,South,Debit Card
ORD00256,2024-10-13,CUST0090,P008,2,0.1,13500.0,11524.74,1975.26,South,Cash on Delivery
ORD00352,2024-10-13,CUST0031,P009,3,0.0,54000.0,32544.84,21455.16,East,Net Banking
ORD00588,2024-10-13,CUST0273,P006,2,0.15,20400.0,14877.92,5522.08,South,Cash on Delivery
ORD00710,2024-10-13,CUST0180,P002,5,0.15,5100.0,3345.35,1754.65,North,Debit Card
ORD00547,2024-10-14,CUST0140,P003,2,0.0,9000.0,5832.15,3167.85,South,UPI
ORD00891,2024-10-14,CUST0494,P010,1,0.1,450.0,350.71,99.29,West,UPI
ORD00892,2024-10-14,CUST0620,P001,3,0.15,165750.0,121166.95,44583.05,South,UPI
ORD00906,2024-10-14,CUST0006,P004,1,0.0,42000.0,30874.45,11125.55,East,UPI
ORD00176,2024-10-14,CUST0125,P009,1,0.2,14400.0,14578.95,-178.95,West,UPI
ORD02871,2024-10-15,CUST0237,P005,2,0.0,56000.0,46485.61,9514.39,West,Credit Card
ORD01355,2024-10-15,CUST0077,P011,1,0.2,720.0,671.03,48.97,East,UPI
ORD02582,2024-10-15,CUST0205,P011,2,0.05,1710.0,1531.39,178.61,South,UPI
ORD02901,2024-10-15,CUST0226,P005,3,0.05,79800.0,54686.74,25113.26,South,Debit Card
ORD01181,2024-10-15,CUST0601,P002,1,0.05,1140.0,692.79,447.21,South,Credit Card
ORD00675,2024-10-15,CUST0601,P006,2,0.05,22800.0,17811.03,4988.97,South,UPI
ORD02397,2024-10-16,CUST0736,P004,1,0.0,42000.0,29848.75,12151.25,South,Credit Card
ORD01968,2024-10-16,CUST0698,P007,2,0.2,14400.0,11254.78,3145.22,South,Credit Card
ORD01671,2024-10-16,CUST0791,P012,2,0.1,14400.0,11678.52,2721.48,West,Net Banking
ORD01919,2024-10-16,CUST0191,P003,1,0.0,4500.0,3202.71,1297.29,South,Net Banking
ORD01897,2024-10-16,CUST0272,P007,2,0.0,18000.0,15640.36,2359.64,South,UPI
ORD00401,2024-10-17,CUST0428,P006,1,0.15,10200.0,9391.87,808.13,North,UPI
ORD01531,2024-10-17,CUST0390,P004,1,0.1,37800.0,30754.43,7045.57,South,Cash on Delivery
ORD00444,2024-10-17,CUST0608,P007,4,0.05,34200.0,25524.04,8675.96,South,Net Banking
ORD01869,2024-10-18,CUST0045,P011,1,0.1,810.0,562.04,247.96,North,Net Banking
ORD02976,2024-10-18,CUST0433,P011,2,0.15,1530.0,1135.37,394.63,East,Debit Card
ORD00495,2024-10-19,CUST0111,P006,1,0.0,12000.0,10264.53,1735.47,South,Debit Card
ORD00233,2024-10-19,CUST0726,P009,2,0.0,36000.0,23368.32,12631.68,South,Net Banking
ORD00417,2024-10-19,CUST0390,P006,2,0.15,20400.0,15450.69,4949.31,South,Credit Card
ORD02027,2024-10-19,CUST0284,P004,1,0.05,39900.0,34718.21,5181.79,South,UPI
ORD00290,2024-10-19,CUST0223,P010,2,0.15,850.0,590.34,259.66,South,Credit Card
ORD01213,2024-10-20,CUST0280,P005,1,0.05,26600.0,16954.08,9645.92,North,Credit Card
ORD00320,2024-10-20,CUST0084,P009,2,0.05,34200.0,21483.44,12716.56,North,UPI
ORD01980,2024-10-20,CUST0216,P009,1,0.0,18000.0,11143.73,6856.27,South,UPI
ORD02216,2024-10-20,CUST0056,P003,1,0.05,4275.0,3206.85,1068.15,South,Credit Card
ORD01642,2024-10-20,CUST0496,P001,4,0.0,260000.0,144226.15,115773.85,South,UPI
ORD00213,2024-10-21,CUST0155,P012,3,0.0,24000.0,19533.95,4466.05,South,UPI
ORD01107,2024-10-21,CUST0316,P006,1,0.1,10800.0,9798.45,1001.55,West,UPI
ORD02757,2024-10-21,CUST0791,P004,2,0.0,84000.0,69006.46,14993.54,West,Net Banking
ORD02918,2024-10-21,CUST0768,P010,2,0.0,1000.0,782.88,217.12,South,Debit Card
ORD02632,2024-10-21,CUST0192,P009,1,0.05,17100.0,10163.2,6936.8,West,UPI
ORD01920,2024-10-21,CUST0366,P004,2,0.0,84000.0,58125.93,25874.07,North,UPI
ORD02725,2024-10-22,CUST0556,P008,3,0.2,18000.0,17695.99,304.01,South,Net Banking
ORD01626,2024-10-22,CUST0589,P001,3,0.1,175500.0,127718.23,47781.77,West,Net Banking
ORD01260,2024-10-23,CUST0556,P011,1,0.2,720.0,696.12,23.88,South,Net Banking
ORD00468,2024-10-24,CUST0725,P011,2,0.0,1800.0,1335.29,464.71,South,UPI
ORD00228,2024-10-24,CUST0260,P004,4,0.05,159600.0,110245.66,49354.34,North,UPI
ORD02724,2024-10-25,CUST0086,P011,5,0.05,4275.0,3838.84,436.16,North,UPI
ORD00418,2024-10-26,CUST0589,P002,3,0.05,3420.0,2682.55,737.45,West,Debit Card
ORD01756,2024-10-26,CUST0168,P001,2,0.15,110500.0,95051.01,15448.99,North,Credit Card
ORD00095,2024-10-27,CUST0437,P010,2,0.1,900.0,774.24,125.76,West,UPI
ORD01479,2024-10-27,CUST0071,P005,3,0.0,84000.0,73589.76,10410.24,West,Credit Card
ORD00166,2024-10-27,CUST0356,P007,1,0.1,8100.0,6760.88,1339.12,North,UPI
ORD01577,2024-10-27,CUST0722,P006,1,0.05,11400.0,6844.2,4555.8,West,Cash on Delivery
ORD00254,2024-10-27,CUST0156,P007,4,0.0,36000.0,31021.38,4978.62,North,UPI
ORD02178,2024-10-27,CUST0426,P001,1,0.05,61750.0,36195.06,25554.94,West,Credit Card
ORD02676,2024-10-27,CUST0197,P005,1,0.0,28000.0,15671.9,12328.1,East,UPI
ORD01537,2024-10-28,CUST0019,P011,1,0.0,900.0,616.74,283.26,West,Debit Card
ORD00541,2024-10-28,CUST0739,P010,2,0.15,850.0,585.43,264.57,North,UPI
ORD01379,2024-10-28,CUST0232,P007,1,0.0,9000.0,5993.09,3006.91,South,Debit Card
ORD00983,2024-10-28,CUST0331,P008,2,0.15,12750.0,12495.91,254.09,North,UPI
ORD02223,2024-10-28,CUST0229,P008,5,0.15,31875.0,32005.32,-130.32,West,UPI
ORD01095,2024-10-28,CUST0163,P012,1,0.0,8000.0,6150.46,1849.54,South,UPI
ORD00922,2024-10-28,CUST0193,P003,1,0.0,4500.0,3466.68,1033.32,East,Debit Card
ORD02034,2024-10-29,CUST0021,P008,1,0.05,7125.0,5138.2,1986.8,South,UPI
ORD00589,2024-10-29,CUST0006,P007,3,0.1,24300.0,15375.78,8924.22,East,Credit Card
ORD00347,2024-10-29,CUST0383,P001,2,0.0,130000.0,104701.38,25298.62,South,UPI
ORD01857,2024-10-29,CUST0025,P002,2,0.0,2400.0,1839.02,560.98,West,Net Banking
ORD02804,2024-10-29,CUST0720,P010,2,0.05,950.0,560.12,389.88,East,Cash on Delivery
ORD02363,2024-10-29,CUST0567,P006,1,0.15,10200.0,9200.58,999.42,North,UPI
ORD00255,2024-10-29,CUST0184,P004,3,0.0,126000.0,87768.7,38231.3,West,Debit Card
ORD00033,2024-10-29,CUST0583,P004,1,0.05,39900.0,36771.87,3128.13,East,Net Banking
ORD01065,2024-10-29,CUST0367,P008,2,0.0,15000.0,10368.53,4631.47,North,Credit Card
ORD02030,2024-10-30,CUST0189,P008,3,0.0,22500.0,13529.68,8970.32,South,Credit Card
ORD00355,2024-10-30,CUST0302,P004,4,0.05,159600.0,137949.04,21650.96,South,Cash on Delivery
ORD02734,2024-10-30,CUST0563,P002,1,0.15,1020.0,754.14,265.86,South,Cash on Delivery
ORD00416,2024-10-30,CUST0229,P006,4,0.0,48000.0,40228.59,7771.41,West,Credit Card
ORD01803,2024-10-30,CUST0646,P008,2,0.0,15000.0,12595.33,2404.67,West,Credit Card
ORD01467,2024-10-30,CUST0742,P002,3,0.05,3420.0,2419.09,1000.91,South,Credit Card
ORD00278,2024-10-31,CUST0155,P007,3,0.1,24300.0,16690.91,7609.09,South,Credit Card
ORD01742,2024-10-31,CUST0732,P006,2,0.1,21600.0,16058.89,5541.11,West,Debit Card
ORD01169,2024-10-31,CUST0237,P006,3,0.15,30600.0,22914.12,7685.88,West,Credit Card
ORD02925,2024-10-31,CUST0399,P006,3,0.0,36000.0,27491.61,8508.39,East,UPI
ORD00399,2024-10-31,CUST0201,P007,4,0.15,30600.0,26254.14,4345.86,East,Credit Card
ORD00131,2024-10-31,CUST0264,P008,3,0.0,22500.0,17851.22,4648.78,West,Net Banking
ORD02429,2024-11-01,CUST0292,P011,1,0.15,765.0,754.46,10.54,West,Debit Card
ORD00311,2024-11-01,CUST0570,P010,1,0.1,450.0,296.66,153.34,North,Net Banking
ORD02130,2024-11-02,CUST0082,P002,3,0.0,3600.0,2294.46,1305.54,West,UPI
ORD01345,2024-11-02,CUST0476,P010,1,0.05,475.0,308.44,166.56,East,UPI
ORD00177,2024-11-02,CUST0138,P004,2,0.0,84000.0,65597.6,18402.4,East,Debit Card
ORD01253,2024-11-02,CUST0599,P004,4,0.15,142800.0,105674.56,37125.44,West,UPI
ORD02494,2024-11-03,CUST0265,P010,2,0.0,1000.0,683.76,316.24,South,UPI
ORD00324,2024-11-03,CUST0236,P008,3,0.0,22500.0,15322.22,7177.78,West,UPI
ORD00785,2024-11-03,CUST0526,P010,1,0.0,500.0,369.87,130.13,West,Debit Card
ORD00174,2024-11-04,CUST0208,P004,1,0.15,35700.0,36287.47,-587.47,South,UPI
ORD00054,2024-11-04,CUST0520,P010,1,0.0,500.0,348.36,151.64,North,UPI
ORD02646,2024-11-04,CUST0149,P010,2,0.15,850.0,675.93,174.07,East,Net Banking
ORD02446,2024-11-05,CUST0117,P004,1,0.05,39900.0,31283.59,8616.41,North,Net Banking
ORD00110,2024-11-05,CUST0070,P002,1,0.15,1020.0,879.77,140.23,South,Credit Card
ORD02821,2024-11-06,CUST0698,P009,1,0.05,17100.0,10936.86,6163.14,South,Debit Card
ORD00590,2024-11-06,CUST0147,P007,4,0.05,34200.0,26185.12,8014.88,South,UPI
ORD01632,2024-11-06,CUST0340,P001,2,0.1,117000.0,85060.76,31939.24,East,Debit Card
ORD00639,2024-11-06,CUST0511,P002,3,0.1,3240.0,2252.05,987.95,South,Cash on Delivery
ORD02257,2024-11-06,CUST0691,P007,1,0.0,9000.0,7182.34,1817.66,West,UPI
ORD00338,2024-11-06,CUST0013,P012,1,0.0,8000.0,6125.4,1874.6,North,UPI
ORD02813,2024-11-07,CUST0414,P002,2,0.1,2160.0,1897.18,262.82,North,Cash on Delivery
ORD00465,2024-11-07,CUST0127,P007,1,0.0,9000.0,5166.76,3833.24,South,UPI
ORD00183,2024-11-07,CUST0383,P009,1,0.1,16200.0,12732.45,3467.55,South,Credit Card
ORD02545,2024-11-08,CUST0071,P008,4,0.0,30000.0,17616.1,12383.9,West,UPI
ORD02071,2024-11-08,CUST0484,P002,2,0.0,2400.0,1596.04,803.96,West,Net Banking
ORD01109,2024-11-08,CUST0144,P005,3,0.05,79800.0,64970.87,14829.13,South,Credit Card
ORD01160,2024-11-08,CUST0298,P009,2,0.0,36000.0,21188.43,14811.57,South,UPI
ORD01377,2024-11-08,CUST0220,P003,2,0.1,8100.0,7437.88,662.12,South,Credit Card
ORD01936,2024-11-08,CUST0073,P007,1,0.0,9000.0,6382.94,2617.06,North,Credit Card
ORD00270,2024-11-08,CUST0340,P007,2,0.1,16200.0,13861.01,2338.99,East,Credit Card
ORD02484,2024-11-08,CUST0433,P002,3,0.15,3060.0,2794.64,265.36,East,Debit Card
ORD02728,2024-11-09,CUST0378,P009,1,0.1,16200.0,11215.65,4984.35,South,UPI
ORD00994,2024-11-09,CUST0431,P007,1,0.05,8550.0,5903.41,2646.59,East,Credit Card
ORD01050,2024-11-09,CUST0281,P006,1,0.0,12000.0,8730.05,3269.95,West,Credit Card
ORD01162,2024-11-09,CUST0361,P003,1,0.0,4500.0,3935.53,564.47,West,UPI
ORD02928,2024-11-09,CUST0595,P003,2,0.05,8550.0,4988.96,3561.04,North,UPI
ORD02829,2024-11-09,CUST0485,P008,2,0.0,15000.0,11018.78,3981.22,North,Cash on Delivery
ORD01347,2024-11-09,CUST0111,P002,1,0.05,1140.0,913.54,226.46,South,Net Banking
ORD00155,2024-11-09,CUST0699,P004,1,0.05,39900.0,28172.58,11727.42,South,UPI
ORD02520,2024-11-10,CUST0567,P008,1,0.1,6750.0,6564.79,185.21,North,Credit Card
ORD02667,2024-11-10,CUST0769,P009,1,0.0,18000.0,13617.24,4382.76,South,Credit Card
ORD02343,2024-11-10,CUST0129,P010,1,0.0,500.0,357.42,142.58,West,Debit Card
ORD00645,2024-11-11,CUST0282,P004,3,0.05,119700.0,75097.85,44602.15,West,Cash on Delivery
ORD02917,2024-11-12,CUST0101,P004,2,0.05,79800.0,71891.35,7908.65,South,Credit Card
ORD02418,2024-11-12,CUST0527,P005,2,0.15,47600.0,34481.9,13118.1,North,UPI
ORD00132,2024-11-12,CUST0331,P007,2,0.0,18000.0,9915.49,8084.51,North,Credit Card
ORD00146,2024-11-13,CUST0451,P006,3,0.1,32400.0,27620.95,4779.05,West,Credit Card
ORD00144,2024-11-13,CUST0573,P008,2,0.0,15000.0,9911.69,5088.31,South,Credit Card
ORD02611,2024-11-13,CUST0180,P006,1,0.0,12000.0,6729.1,5270.9,North,Credit Card
ORD01545,2024-11-13,CUST0229,P011,3,0.0,2700.0,2348.35,351.65,West,Debit Card
ORD00235,2024-11-13,CUST0721,P009,1,0.1,16200.0,12665.85,3534.15,East,Credit Card
ORD02572,2024-11-13,CUST0728,P002,2,0.0,2400.0,1458.12,941.88,East,Credit Card
ORD02743,2024-11-14,CUST0443,P008,2,0.0,15000.0,11294.48,3705.52,North,Debit Card
ORD01043,2024-11-14,CUST0021,P002,2,0.1,2160.0,1515.86,644.14,South,Debit Card
ORD02818,2024-11-14,CUST0259,P008,2,0.0,15000.0,8503.34,6496.66,East,Cash on Delivery
ORD01846,2024-11-15,CUST0001,P006,3,0.05,34200.0,30105.32,4094.68,North,Credit Card
ORD00087,2024-11-15,CUST0129,P004,1,0.05,39900.0,35958.09,3941.91,West,UPI
ORD00530,2024-11-15,CUST0565,P001,2,0.1,117000.0,108431.33,8568.67,West,UPI
ORD00861,2024-11-15,CUST0792,P002,1,0.05,1140.0,937.97,202.03,West,Debit Card
ORD01435,2024-11-15,CUST0414,P008,1,0.15,6375.0,6292.26,82.74,North,Credit Card
ORD01929,2024-11-16,CUST0164,P008,2,0.1,13500.0,10603.03,2896.97,East,Debit Card
ORD00613,2024-11-16,CUST0494,P007,4,0.2,28800.0,29568.02,-768.02,West,Credit Card
ORD02606,2024-11-17,CUST0192,P004,1,0.15,35700.0,29511.4,6188.6,West,UPI
ORD01912,2024-11-17,CUST0330,P001,1,0.1,58500.0,37029.23,21470.77,South,UPI
ORD02298,2024-11-17,CUST0569,P009,1,0.05,17100.0,11120.28,5979.72,West,Cash on Delivery
ORD01832,2024-11-18,CUST0654,P012,4,0.05,30400.0,22747.68,7652.32,West,Credit Card
ORD02988,2024-11-18,CUST0560,P008,3,0.0,22500.0,15587.41,6912.59,South,Debit Card
ORD02336,2024-11-19,CUST0125,P012,1,0.05,7600.0,6763.59,836.41,West,Debit Card
ORD01472,2024-11-19,CUST0516,P010,2,0.0,1000.0,681.71,318.29,West,Debit Card
ORD00434,2024-11-19,CUST0053,P006,3,0.05,34200.0,28804.75,5395.25,West,Debit Card
ORD00371,2024-11-19,CUST0247,P007,3,0.2,21600.0,20013.12,1586.88,North,UPI
ORD01592,2024-11-19,CUST0763,P002,2,0.0,2400.0,2025.28,374.72,East,Cash on Delivery
ORD01985,2024-11-20,CUST0492,P002,2,0.0,2400.0,1826.11,573.89,South,Credit Card
ORD01466,2024-11-20,CUST0306,P011,2,0.2,1440.0,1337.1,102.9,West,UPI
ORD01691,2024-11-20,CUST0111,P007,2,0.0,18000.0,11388.83,6611.17,South,Debit Card
ORD02924,2024-11-20,CUST0678,P001,2,0.1,117000.0,95265.4,21734.6,West,Debit Card
ORD02609,2024-11-20,CUST0018,P008,3,0.05,21375.0,14590.55,6784.45,North,UPI
ORD02411,2024-11-21,CUST0191,P006,3,0.0,36000.0,26957.83,9042.17,South,Credit Card
ORD00421,2024-11-21,CUST0607,P009,1,0.05,17100.0,14196.75,2903.25,South,Debit Card
ORD02654,2024-11-21,CUST0503,P001,1,0.0,65000.0,43105.84,21894.16,South,Credit Card
ORD02059,2024-11-21,CUST0283,P012,2,0.2,12800.0,10075.78,2724.22,North,Net Banking
ORD02364,2024-11-22,CUST0704,P004,4,0.1,151200.0,118031.9,33168.1,South,UPI
ORD01420,2024-11-22,CUST0367,P012,2,0.0,16000.0,8953.66,7046.34,North,Cash on Delivery
ORD01179,2024-11-22,CUST0160,P008,4,0.0,30000.0,17074.19,12925.81,South,UPI
ORD02319,2024-11-22,CUST0699,P003,1,0.0,4500.0,3624.62,875.38,South,Net Banking
ORD01864,2024-11-22,CUST0748,P007,3,0.05,25650.0,15729.16,9920.84,West,Credit Card
ORD00407,2024-11-23,CUST0227,P009,1,0.0,18000.0,12827.0,5173.0,West,Credit Card
ORD01827,2024-11-24,CUST0134,P006,3,0.0,36000.0,26692.44,9307.56,South,UPI
ORD00724,2024-11-24,CUST0197,P003,3,0.1,12150.0,9681.44,2468.56,East,Credit Card
ORD00871,2024-11-24,CUST0371,P012,1,0.1,7200.0,5163.97,2036.03,North,UPI
ORD02047,2024-11-24,CUST0669,P001,3,0.1,175500.0,132607.73,42892.27,South,UPI
ORD02905,2024-11-25,CUST0368,P008,1,0.05,7125.0,5143.29,1981.71,North,Cash on Delivery
ORD02162,2024-11-26,CUST0130,P001,1,0.0,65000.0,52598.79,12401.21,West,Debit Card
ORD00385,2024-11-26,CUST0399,P008,2,0.0,15000.0,8947.45,6052.55,East,Debit Card
ORD02133,2024-11-26,CUST0704,P011,2,0.1,1620.0,1454.71,165.29,South,UPI
ORD02730,2024-11-26,CUST0657,P003,3,0.05,12825.0,10847.43,1977.57,East,Credit Card
ORD02561,2024-11-26,CUST0459,P010,4,0.0,2000.0,1674.44,325.56,West,UPI
ORD02235,2024-11-26,CUST0071,P005,2,0.0,56000.0,41211.24,14788.76,West,Net Banking
ORD02251,2024-11-27,CUST0521,P003,1,0.05,4275.0,2965.71,1309.29,North,UPI
ORD01570,2024-11-27,CUST0421,P012,1,0.05,7600.0,4500.04,3099.96,East,Credit Card
ORD01602,2024-11-27,CUST0429,P002,3,0.15,3060.0,2855.7,204.3,West,UPI
ORD00192,2024-11-27,CUST0211,P001,1,0.15,55250.0,40146.82,15103.18,West,Credit Card
ORD01483,2024-11-27,CUST0189,P008,4,0.1,27000.0,24351.31,2648.69,South,UPI
ORD02982,2024-11-28,CUST0744,P012,1,0.15,6800.0,5732.91,1067.09,North,Net Banking
ORD01562,2024-11-28,CUST0172,P012,2,0.1,14400.0,10860.99,3539.01,South,Net Banking
ORD02236,2024-11-28,CUST0248,P003,1,0.0,4500.0,2588.18,1911.82,North,Debit Card
ORD00437,2024-11-29,CUST0412,P005,5,0.0,140000.0,119784.07,20215.93,South,Net Banking
ORD01441,2024-11-29,CUST0217,P008,2,0.0,15000.0,10996.97,4003.03,West,Net Banking
ORD00230,2024-11-29,CUST0655,P012,3,0.15,20400.0,14850.41,5549.59,North,Net Banking
ORD00287,2024-11-29,CUST0234,P006,4,0.0,48000.0,41328.08,6671.92,South,UPI
ORD02775,2024-11-30,CUST0596,P011,2,0.0,1800.0,1351.34,448.66,West,UPI
ORD02984,2024-11-30,CUST0382,P009,1,0.1,16200.0,14049.57,2150.43,South,Credit Card
ORD00211,2024-11-30,CUST0288,P011,3,0.1,2430.0,2213.68,216.32,South,Credit Card
ORD02977,2024-11-30,CUST0059,P009,4,0.1,64800.0,60772.93,4027.07,North,Credit Card
ORD01032,2024-12-01,CUST0124,P004,2,0.1,75600.0,56141.04,19458.96,West,UPI
ORD02950,2024-12-01,CUST0255,P001,1,0.0,65000.0,41498.49,23501.51,North,Debit Card
ORD00325,2024-12-01,CUST0056,P006,1,0.0,12000.0,8913.28,3086.72,South,Net Banking
ORD00679,2024-12-01,CUST0149,P001,2,0.1,117000.0,94009.26,22990.74,East,UPI
ORD02526,2024-12-01,CUST0775,P006,2,0.0,24000.0,20201.96,3798.04,West,UPI
ORD00428,2024-12-01,CUST0187,P001,1,0.1,58500.0,40266.89,18233.11,South,Debit Card
ORD01940,2024-12-02,CUST0758,P007,2,0.05,17100.0,10404.28,6695.72,East,Net Banking
ORD02497,2024-12-02,CUST0155,P003,1,0.1,4050.0,3044.28,1005.72,South,Credit Card
ORD01829,2024-12-02,CUST0249,P001,1,0.0,65000.0,52952.13,12047.87,North,Debit Card
ORD00867,2024-12-02,CUST0557,P002,1,0.05,1140.0,721.9,418.1,South,UPI
ORD02732,2024-12-03,CUST0242,P009,1,0.2,14400.0,11746.1,2653.9,West,Net Banking
ORD00088,2024-12-03,CUST0685,P010,1,0.1,450.0,332.34,117.66,West,Cash on Delivery
ORD02737,2024-12-03,CUST0712,P001,4,0.0,260000.0,145948.79,114051.21,South,Debit Card
ORD02596,2024-12-03,CUST0512,P003,2,0.0,9000.0,6429.5,2570.5,South,Debit Card
ORD01346,2024-12-03,CUST0052,P012,1,0.0,8000.0,4695.27,3304.73,West,Net Banking
ORD00776,2024-12-03,CUST0653,P002,3,0.15,3060.0,2855.45,204.55,South,UPI
ORD02179,2024-12-04,CUST0697,P001,4,0.0,260000.0,151875.68,108124.32,North,Debit Card
ORD02958,2024-12-04,CUST0628,P010,1,0.15,425.0,386.65,38.35,North,Debit Card
ORD02522,2024-12-04,CUST0355,P008,1,0.1,6750.0,5249.22,1500.78,South,UPI
ORD02493,2024-12-05,CUST0620,P009,1,0.0,18000.0,10187.61,7812.39,South,UPI
ORD01753,2024-12-06,CUST0610,P007,2,0.0,18000.0,13229.12,4770.88,North,UPI
ORD00328,2024-12-06,CUST0192,P011,1,0.05,855.0,638.72,216.28,West,Credit Card
ORD00631,2024-12-06,CUST0184,P003,1,0.0,4500.0,2496.19,2003.81,West,Debit Card
ORD02697,2024-12-06,CUST0522,P003,4,0.05,17100.0,10751.19,6348.81,South,Credit Card
ORD01543,2024-12-06,CUST0761,P012,3,0.05,22800.0,20616.95,2183.05,North,UPI
ORD02797,2024-12-06,CUST0042,P005,2,0.0,56000.0,38723.51,17276.49,North,Debit Card
ORD00644,2024-12-07,CUST0073,P005,1,0.0,28000.0,19215.68,8784.32,North,Cash on Delivery
ORD01124,2024-12-07,CUST0225,P012,5,0.0,40000.0,22531.71,17468.29,South,UPI
ORD00573,2024-12-07,CUST0614,P005,3,0.05,79800.0,60833.64,18966.36,South,Credit Card
ORD02423,2024-12-07,CUST0494,P008,4,0.0,30000.0,20070.96,9929.04,West,UPI
ORD01585,2024-12-08,CUST0134,P001,2,0.05,123500.0,106876.02,16623.98,South,Credit Card
ORD01982,2024-12-08,CUST0324,P001,1,0.1,58500.0,39878.6,18621.4,South,UPI
ORD01746,2024-12-08,CUST0692,P011,3,0.0,2700.0,1960.27,739.73,North,Debit Card
ORD00420,2024-12-08,CUST0270,P004,1,0.0,42000.0,30819.31,11180.69,West,UPI
ORD01480,2024-12-08,CUST0478,P001,1,0.1,58500.0,45154.08,13345.92,East,UPI
ORD02428,2024-12-08,CUST0639,P006,2,0.05,22800.0,16743.16,6056.84,South,UPI
ORD00079,2024-12-09,CUST0384,P003,2,0.15,7650.0,5243.75,2406.25,South,Debit Card
ORD01550,2024-12-09,CUST0246,P003,1,0.1,4050.0,3875.29,174.71,East,Debit Card
ORD01212,2024-12-09,CUST0125,P010,1,0.1,450.0,439.05,10.95,West,Credit Card
ORD00387,2024-12-09,CUST0271,P010,2,0.05,950.0,744.28,205.72,East,UPI
ORD01703,2024-12-09,CUST0487,P008,1,0.15,6375.0,5006.36,1368.64,West,Debit Card
ORD02623,2024-12-10,CUST0155,P001,1,0.1,58500.0,42753.36,15746.64,South,Cash on Delivery
ORD00713,2024-12-10,CUST0203,P012,2,0.2,12800.0,9802.03,2997.97,South,Cash on Delivery
ORD00349,2024-12-10,CUST0471,P001,2,0.05,123500.0,86898.3,36601.7,South,UPI
ORD00933,2024-12-10,CUST0225,P002,5,0.1,5400.0,3561.55,1838.45,South,Debit Card
ORD00455,2024-12-10,CUST0768,P007,3,0.0,27000.0,18846.36,8153.64,South,Credit Card
ORD01509,2024-12-12,CUST0489,P010,1,0.0,500.0,416.11,83.89,North,Net Banking
ORD00606,2024-12-13,CUST0308,P011,2,0.1,1620.0,1572.35,47.65,North,Net Banking
ORD01501,2024-12-13,CUST0187,P012,1,0.15,6800.0,5781.33,1018.67,South,Debit Card
ORD00062,2024-12-14,CUST0716,P008,1,0.0,7500.0,6199.38,1300.62,South,Debit Card
ORD01097,2024-12-14,CUST0189,P011,1,0.15,765.0,625.94,139.06,South,Debit Card
ORD01842,2024-12-14,CUST0344,P006,1,0.05,11400.0,10170.21,1229.79,West,Cash on Delivery
ORD02304,2024-12-14,CUST0179,P007,1,0.15,7650.0,5803.28,1846.72,North,UPI
ORD01625,2024-12-15,CUST0294,P001,1,0.15,55250.0,44127.82,11122.18,South,Debit Card
ORD00456,2024-12-15,CUST0699,P012,1,0.0,8000.0,5359.79,2640.21,South,UPI
ORD01056,2024-12-15,CUST0045,P006,3,0.05,34200.0,22602.73,11597.27,North,UPI
ORD00858,2024-12-15,CUST0771,P007,1,0.0,9000.0,5325.24,3674.76,South,Credit Card
ORD00459,2024-12-16,CUST0799,P004,1,0.15,35700.0,29650.42,6049.58,South,UPI
ORD00890,2024-12-16,CUST0634,P012,1,0.1,7200.0,5080.5,2119.5,South,Debit Card
ORD00331,2024-12-17,CUST0060,P004,3,0.05,119700.0,78876.48,40823.52,North,Net Banking
ORD00859,2024-12-17,CUST0758,P007,1,0.05,8550.0,6387.62,2162.38,East,Net Banking
ORD00182,2024-12-17,CUST0541,P010,1,0.0,500.0,390.87,109.13,South,Debit Card
ORD02652,2024-12-17,CUST0631,P011,1,0.1,810.0,534.5,275.5,West,UPI
ORD02275,2024-12-17,CUST0459,P004,4,0.05,159600.0,98227.8,61372.2,West,Credit Card
ORD01309,2024-12-18,CUST0611,P010,1,0.0,500.0,330.35,169.65,South,Credit Card
ORD00551,2024-12-18,CUST0667,P011,3,0.0,2700.0,2184.3,515.7,South,UPI
ORD00191,2024-12-18,CUST0048,P007,3,0.1,24300.0,16122.44,8177.56,South,UPI
ORD00555,2024-12-18,CUST0107,P011,1,0.05,855.0,743.67,111.33,South,Debit Card
ORD00952,2024-12-18,CUST0495,P005,1,0.15,23800.0,23991.36,-191.36,East,UPI
ORD00579,2024-12-19,CUST0227,P009,1,0.15,15300.0,11753.15,3546.85,West,Debit Card
ORD02350,2024-12-19,CUST0045,P001,1,0.1,58500.0,46556.93,11943.07,North,UPI
ORD02264,2024-12-19,CUST0241,P008,2,0.1,13500.0,12652.46,847.54,West,Credit Card
ORD01186,2024-12-19,CUST0588,P012,2,0.0,16000.0,10317.77,5682.23,West,UPI
ORD01969,2024-12-19,CUST0099,P002,1,0.15,1020.0,722.31,297.69,North,UPI
ORD02908,2024-12-19,CUST0075,P008,1,0.1,6750.0,4154.99,2595.01,North,UPI
ORD01748,2024-12-19,CUST0126,P001,2,0.05,123500.0,94925.74,28574.26,West,Credit Card
ORD01394,2024-12-19,CUST0046,P002,2,0.05,2280.0,1568.75,711.25,South,UPI
ORD01893,2024-12-20,CUST0137,P001,4,0.0,260000.0,204071.65,55928.35,South,Net Banking
ORD02033,2024-12-20,CUST0688,P008,1,0.1,6750.0,6093.02,656.98,South,Net Banking
ORD00171,2024-12-21,CUST0442,P009,2,0.05,34200.0,28920.4,5279.6,East,Credit Card
ORD02065,2024-12-21,CUST0087,P009,3,0.0,54000.0,35374.45,18625.55,South,Net Banking
ORD01102,2024-12-21,CUST0288,P012,1,0.05,7600.0,4499.19,3100.81,South,UPI
ORD02412,2024-12-22,CUST0682,P002,5,0.0,6000.0,4567.46,1432.54,South,UPI
ORD01633,2024-12-22,CUST0175,P005,2,0.1,50400.0,44906.51,5493.49,East,Credit Card
ORD02253,2024-12-22,CUST0431,P005,2,0.05,53200.0,47788.24,5411.76,East,UPI
ORD01902,2024-12-23,CUST0261,P005,3,0.15,71400.0,54981.45,16418.55,West,Cash on Delivery
ORD00332,2024-12-23,CUST0650,P009,1,0.05,17100.0,11403.07,5696.93,North,UPI
ORD01910,2024-12-23,CUST0772,P001,1,0.0,65000.0,40613.96,24386.04,South,Credit Card
ORD01891,2024-12-23,CUST0521,P011,2,0.05,1710.0,1554.84,155.16,North,UPI
ORD01758,2024-12-24,CUST0294,P002,2,0.05,2280.0,1753.12,526.88,South,Debit Card
ORD00136,2024-12-24,CUST0688,P005,1,0.05,26600.0,22661.41,3938.59,South,Credit Card
ORD02326,2024-12-24,CUST0452,P004,2,0.05,79800.0,59915.21,19884.79,East,Debit Card
ORD00736,2024-12-24,CUST0717,P004,1,0.05,39900.0,27786.16,12113.84,West,UPI
ORD02184,2024-12-25,CUST0278,P008,1,0.05,7125.0,4990.94,2134.06,West,Debit Card
ORD01663,2024-12-25,CUST0012,P010,2,0.15,850.0,853.35,-3.35,West,Net Banking
ORD00870,2024-12-25,CUST0504,P010,5,0.05,2375.0,1387.95,987.05,West,Credit Card
ORD00923,2024-12-25,CUST0150,P005,2,0.2,44800.0,43103.65,1696.35,East,UPI
ORD02203,2024-12-26,CUST0544,P007,1,0.0,9000.0,7619.26,1380.74,South,Net Banking
ORD01510,2024-12-26,CUST0644,P010,2,0.0,1000.0,853.75,146.25,West,Cash on Delivery
ORD00264,2024-12-26,CUST0660,P012,1,0.1,7200.0,6255.38,944.62,South,Credit Card
ORD00357,2024-12-26,CUST0190,P011,3,0.1,2430.0,1536.89,893.11,West,Debit Card
ORD02598,2024-12-26,CUST0078,P001,4,0.05,247000.0,202093.06,44906.94,South,UPI
ORD00630,2024-12-26,CUST0367,P006,1,0.0,12000.0,8581.68,3418.32,North,Credit Card
ORD02172,2024-12-27,CUST0528,P008,1,0.1,6750.0,4564.7,2185.3,East,Credit Card
ORD00968,2024-12-27,CUST0778,P001,1,0.2,52000.0,40832.22,11167.78,North,Debit Card
ORD02828,2024-12-27,CUST0589,P006,2,0.2,19200.0,16649.45,2550.55,West,UPI
ORD00476,2024-12-27,CUST0557,P003,1,0.1,4050.0,3802.94,247.06,South,Net Banking
ORD01524,2024-12-27,CUST0253,P010,3,0.05,1425.0,961.06,463.94,West,Debit Card
ORD02272,2024-12-27,CUST0574,P010,1,0.0,500.0,367.15,132.85,West,UPI
ORD02897,2024-12-28,CUST0312,P011,1,0.0,900.0,784.26,115.74,West,Credit Card
ORD01711,2024-12-28,CUST0367,P008,3,0.0,22500.0,16173.3,6326.7,North,Net Banking
ORD01547,2024-12-28,CUST0630,P010,1,0.1,450.0,338.48,111.52,South,Cash on Delivery
ORD02766,2024-12-28,CUST0455,P007,1,0.1,8100.0,5620.28,2479.72,East,Debit Card
ORD02953,2024-12-29,CUST0207,P005,1,0.2,22400.0,23100.02,-700.02,South,Credit Card
ORD01655,2024-12-29,CUST0001,P001,1,0.05,61750.0,47860.06,13889.94,North,Debit Card
ORD00423,2024-12-29,CUST0132,P001,1,0.1,58500.0,42594.69,15905.31,South,Credit Card
ORD00198,2024-12-29,CUST0191,P012,3,0.2,19200.0,16534.89,2665.11,South,Credit Card
ORD00612,2024-12-29,CUST0700,P010,1,0.1,450.0,297.35,152.65,North,Net Banking
ORD01328,2024-12-29,CUST0364,P003,3,0.0,13500.0,8972.12,4527.88,West,Credit Card
ORD01113,2024-12-29,CUST0245,P005,1,0.05,26600.0,23210.46,3389.54,West,Credit Card
ORD01744,2024-12-30,CUST0289,P001,1,0.1,58500.0,42878.63,15621.37,East,UPI
ORD01823,2024-12-30,CUST0537,P005,1,0.0,28000.0,16793.66,11206.34,West,Debit Card
ORD00384,2024-12-30,CUST0371,P003,1,0.05,4275.0,2644.64,1630.36,North,UPI
ORD01289,2024-12-31,CUST0797,P006,2,0.05,22800.0,16580.18,6219.82,South,Net Banking
ORD00089,2024-12-31,CUST0156,P012,3,0.2,19200.0,15806.62,3393.38,North,Credit Card
ORD00845,2024-12-31,CUST0398,P003,1,0.0,4500.0,3408.52,1091.48,North,UPI
ORD02722,2024-12-31,CUST0701,P001,3,0.05,185250.0,112444.54,72805.46,North,UPI
ORD02388,2025-01-01,CUST0032,P006,1,0.05,11400.0,9934.35,1465.65,South,Credit Card
ORD02700,2025-01-01,CUST0112,P004,3,0.05,119700.0,109778.43,9921.57,North,Net Banking
ORD00962,2025-01-01,CUST0025,P011,2,0.1,1620.0,1128.77,491.23,West,UPI
ORD00283,2025-01-01,CUST0511,P007,3,0.0,27000.0,23526.57,3473.43,South,Credit Card
ORD02644,2025-01-01,CUST0154,P002,2,0.0,2400.0,2021.14,378.86,East,UPI
ORD02377,2025-01-02,CUST0079,P010,1,0.1,450.0,369.12,80.88,West,UPI
ORD00865,2025-01-02,CUST0201,P012,3,0.0,24000.0,16129.85,7870.15,East,UPI
ORD02511,2025-01-03,CUST0131,P001,2,0.0,130000.0,107399.79,22600.21,West,Credit Card
ORD02715,2025-01-03,CUST0216,P009,4,0.0,72000.0,43712.49,28287.51,South,Credit Card
ORD01730,2025-01-03,CUST0428,P011,3,0.05,2565.0,1932.41,632.59,North,UPI
ORD02758,2025-01-03,CUST0738,P005,4,0.15,95200.0,96593.7,-1393.7,West,Net Banking
ORD00140,2025-01-04,CUST0299,P001,1,0.1,58500.0,53038.33,5461.67,North,UPI
ORD02692,2025-01-04,CUST0762,P012,2,0.0,16000.0,9021.04,6978.96,West,UPI
ORD00882,2025-01-04,CUST0572,P003,3,0.15,11475.0,9506.8,1968.2,West,UPI
ORD01860,2025-01-04,CUST0499,P011,2,0.0,1800.0,1545.91,254.09,West,Credit Card
ORD00214,2025-01-05,CUST0567,P006,1,0.0,12000.0,9164.43,2835.57,North,Net Banking
ORD01170,2025-01-05,CUST0534,P003,3,0.1,12150.0,9351.7,2798.3,North,UPI
ORD02856,2025-01-06,CUST0416,P003,1,0.2,3600.0,3765.42,-165.42,North,Net Banking
ORD01319,2025-01-06,CUST0008,P010,5,0.05,2375.0,1845.86,529.14,North,UPI
ORD00438,2025-01-07,CUST0643,P003,5,0.0,22500.0,18301.66,4198.34,North,Credit Card
ORD02125,2025-01-07,CUST0079,P009,1,0.05,17100.0,12739.96,4360.04,West,Debit Card
ORD00535,2025-01-08,CUST0308,P005,2,0.05,53200.0,40615.59,12584.41,North,UPI
ORD00887,2025-01-08,CUST0663,P005,5,0.1,126000.0,100815.4,25184.6,West,Cash on Delivery
ORD00232,2025-01-09,CUST0406,P011,3,0.0,2700.0,1531.33,1168.67,South,Credit Card
ORD02548,2025-01-09,CUST0666,P011,1,0.0,900.0,611.81,288.19,South,UPI
ORD01425,2025-01-09,CUST0467,P007,5,0.05,42750.0,29239.8,13510.2,South,Net Banking
ORD00326,2025-01-09,CUST0360,P004,2,0.0,84000.0,66654.9,17345.1,South,UPI
ORD01650,2025-01-09,CUST0425,P003,1,0.2,3600.0,2602.0,998.0,South,UPI
ORD01906,2025-01-09,CUST0623,P007,2,0.05,17100.0,10612.11,6487.89,West,UPI
ORD02543,2025-01-10,CUST0148,P011,1,0.0,900.0,774.97,125.03,North,UPI
ORD01229,2025-01-10,CUST0356,P001,4,0.15,221000.0,213043.56,7956.44,North,Debit Card
ORD01437,2025-01-10,CUST0093,P008,2,0.2,12000.0,11351.4,648.6,South,Debit Card
ORD01702,2025-01-10,CUST0432,P009,2,0.1,32400.0,27968.48,4431.52,North,Debit Card
ORD00474,2025-01-10,CUST0388,P005,1,0.1,25200.0,24057.3,1142.7,South,UPI
ORD01002,2025-01-11,CUST0642,P002,1,0.05,1140.0,991.7,148.3,South,Debit Card
ORD02708,2025-01-11,CUST0754,P005,1,0.0,28000.0,18003.06,9996.94,North,Credit Card
ORD01325,2025-01-11,CUST0675,P006,1,0.0,12000.0,9960.57,2039.43,North,Debit Card
ORD01614,2025-01-11,CUST0783,P003,1,0.15,3825.0,2574.79,1250.21,West,Debit Card
ORD00065,2025-01-12,CUST0395,P001,2,0.15,110500.0,99317.41,11182.59,South,Debit Card
ORD02096,2025-01-12,CUST0628,P008,4,0.0,30000.0,18388.09,11611.91,North,Credit Card
ORD00879,2025-01-12,CUST0197,P006,1,0.0,12000.0,6775.4,5224.6,East,Debit Card
ORD00486,2025-01-12,CUST0328,P011,1,0.0,900.0,751.02,148.98,South,UPI
ORD02480,2025-01-12,CUST0082,P002,1,0.1,1080.0,673.6,406.4,West,UPI
ORD01603,2025-01-12,CUST0662,P009,3,0.0,54000.0,39757.66,14242.34,North,UPI
ORD01249,2025-01-13,CUST0718,P003,1,0.15,3825.0,3940.02,-115.02,North,Cash on Delivery
ORD02704,2025-01-13,CUST0253,P011,2,0.15,1530.0,1430.88,99.12,West,Net Banking
ORD01745,2025-01-13,CUST0540,P004,3,0.0,126000.0,88229.89,37770.11,West,UPI
ORD02439,2025-01-13,CUST0447,P010,1,0.1,450.0,336.78,113.22,West,Debit Card
ORD00737,2025-01-14,CUST0445,P004,1,0.0,42000.0,33414.14,8585.86,North,Credit Card
ORD01523,2025-01-14,CUST0455,P003,1,0.15,3825.0,3214.0,611.0,East,UPI
ORD02941,2025-01-14,CUST0309,P008,2,0.1,13500.0,12507.6,992.4,West,Debit Card
ORD01669,2025-01-14,CUST0368,P006,2,0.2,19200.0,13431.76,5768.24,North,UPI
ORD01908,2025-01-14,CUST0605,P007,1,0.0,9000.0,5191.79,3808.21,North,Credit Card
ORD00570,2025-01-15,CUST0568,P008,5,0.0,37500.0,31635.75,5864.25,East,Net Banking
ORD00373,2025-01-15,CUST0490,P009,3,0.0,54000.0,35210.81,18789.19,South,Credit Card
ORD00237,2025-01-15,CUST0430,P003,1,0.1,4050.0,3052.32,997.68,North,Debit Card
ORD00681,2025-01-15,CUST0628,P003,1,0.0,4500.0,2971.97,1528.03,North,Net Banking
ORD01011,2025-01-15,CUST0141,P004,2,0.2,67200.0,64949.72,2250.28,North,Debit Card
ORD00001,2025-01-15,CUST0096,P012,2,0.0,16000.0,10235.79,5764.21,North,Debit Card
ORD01235,2025-01-15,CUST0530,P008,1,0.15,6375.0,5785.01,589.99,South,UPI
ORD00199,2025-01-16,CUST0315,P003,3,0.1,12150.0,8326.19,3823.81,North,Credit Card
ORD00029,2025-01-16,CUST0704,P002,3,0.0,3600.0,2275.11,1324.89,South,Credit Card
ORD00874,2025-01-16,CUST0313,P011,2,0.05,1710.0,1169.81,540.19,West,Credit Card
ORD00715,2025-01-16,CUST0192,P012,1,0.0,8000.0,6255.65,1744.35,West,Net Banking
ORD01312,2025-01-16,CUST0193,P011,3,0.0,2700.0,2157.29,542.71,East,UPI
ORD01548,2025-01-16,CUST0155,P003,1,0.1,4050.0,2672.73,1377.27,South,Credit Card
ORD02893,2025-01-16,CUST0524,P006,2,0.15,20400.0,14840.88,5559.12,North,Credit Card
ORD02437,2025-01-16,CUST0790,P009,2,0.05,34200.0,27531.19,6668.81,West,Debit Card
ORD01754,2025-01-17,CUST0127,P012,2,0.0,16000.0,11880.3,4119.7,South,Credit Card
ORD01225,2025-01-17,CUST0420,P001,2,0.05,123500.0,87112.15,36387.85,South,Credit Card
ORD00149,2025-01-17,CUST0351,P011,2,0.0,1800.0,1204.19,595.81,South,Debit Card
ORD00322,2025-01-18,CUST0584,P003,1,0.0,4500.0,3394.41,1105.59,West,UPI
ORD01888,2025-01-18,CUST0516,P008,5,0.0,37500.0,25004.15,12495.85,West,Cash on Delivery
ORD02421,2025-01-18,CUST0284,P005,4,0.15,95200.0,97465.39,-2265.39,South,UPI
ORD02968,2025-01-18,CUST0170,P004,1,0.05,39900.0,30845.42,9054.58,South,Net Banking
ORD01171,2025-01-18,CUST0185,P012,1,0.05,7600.0,4722.2,2877.8,South,UPI
ORD00834,2025-01-19,CUST0381,P002,1,0.05,1140.0,869.03,270.97,South,UPI
ORD01760,2025-01-19,CUST0343,P001,4,0.2,208000.0,191566.88,16433.12,West,Cash on Delivery
ORD02794,2025-01-19,CUST0161,P006,1,0.1,10800.0,7579.61,3220.39,North,Debit Card
ORD00472,2025-01-19,CUST0383,P012,2,0.1,14400.0,13970.31,429.69,South,Credit Card
ORD00759,2025-01-20,CUST0191,P005,5,0.15,119000.0,93388.06,25611.94,South,Net Banking
ORD00078,2025-01-20,CUST0369,P011,1,0.05,855.0,562.63,292.37,North,Credit Card
ORD01274,2025-01-20,CUST0043,P004,4,0.1,151200.0,110279.25,40920.75,South,UPI
ORD00061,2025-01-21,CUST0734,P005,2,0.05,53200.0,37812.15,15387.85,South,UPI
ORD00037,2025-01-21,CUST0442,P003,1,0.1,4050.0,2679.39,1370.61,East,Cash on Delivery
ORD01624,2025-01-21,CUST0623,P012,2,0.1,14400.0,9924.32,4475.68,West,Cash on Delivery
ORD02087,2025-01-21,CUST0270,P006,5,0.0,60000.0,37220.11,22779.89,West,UPI
ORD02747,2025-01-21,CUST0352,P002,1,0.05,1140.0,1038.82,101.18,South,UPI
ORD01275,2025-01-21,CUST0245,P001,4,0.0,260000.0,215325.64,44674.36,West,Net Banking
ORD02936,2025-01-21,CUST0610,P007,1,0.15,7650.0,5743.54,1906.46,North,Debit Card
ORD02621,2025-01-21,CUST0774,P006,2,0.0,24000.0,15575.55,8424.45,South,Debit Card
ORD01699,2025-01-22,CUST0323,P007,1,0.05,8550.0,6886.3,1663.7,South,UPI
ORD02824,2025-01-23,CUST0588,P012,2,0.05,15200.0,13132.24,2067.76,West,UPI
ORD00154,2025-01-24,CUST0459,P002,2,0.0,2400.0,1901.08,498.92,West,Credit Card
ORD02215,2025-01-24,CUST0472,P010,4,0.1,1800.0,1755.89,44.11,South,UPI
ORD02259,2025-01-24,CUST0128,P006,2,0.15,20400.0,16841.57,3558.43,North,Credit Card
ORD02755,2025-01-24,CUST0794,P012,2,0.05,15200.0,9189.19,6010.81,East,UPI
ORD01984,2025-01-24,CUST0217,P006,2,0.0,24000.0,19812.14,4187.86,West,UPI
ORD00702,2025-01-24,CUST0739,P010,5,0.15,2125.0,1610.89,514.11,North,Credit Card
ORD02527,2025-01-24,CUST0046,P001,2,0.05,123500.0,100097.8,23402.2,South,UPI
ORD02114,2025-01-25,CUST0361,P007,1,0.15,7650.0,6288.48,1361.52,West,Credit Card
ORD00851,2025-01-25,CUST0190,P003,1,0.1,4050.0,3328.91,721.09,West,UPI
ORD02586,2025-01-25,CUST0304,P008,3,0.0,22500.0,17202.41,5297.59,South,Credit Card
ORD02415,2025-01-25,CUST0720,P010,2,0.0,1000.0,562.32,437.68,East,UPI
ORD01221,2025-01-25,CUST0150,P001,1,0.0,65000.0,48664.05,16335.95,East,UPI
ORD01692,2025-01-26,CUST0137,P007,3,0.15,22950.0,16892.04,6057.96,South,UPI
ORD00688,2025-01-26,CUST0143,P002,1,0.05,1140.0,907.93,232.07,West,Net Banking
ORD02600,2025-01-26,CUST0339,P012,1,0.0,8000.0,6069.33,1930.67,West,UPI
ORD00099,2025-01-26,CUST0791,P008,5,0.0,37500.0,31682.43,5817.57,West,Debit Card
ORD00806,2025-01-27,CUST0390,P002,4,0.0,4800.0,3514.21,1285.79,South,UPI
ORD01384,2025-01-27,CUST0263,P009,1,0.0,18000.0,11759.15,6240.85,South,Net Banking
ORD00989,2025-01-27,CUST0187,P006,1,0.0,12000.0,10062.57,1937.43,South,Credit Card
ORD02157,2025-01-27,CUST0128,P007,1,0.1,8100.0,5378.94,2721.06,North,Debit Card
ORD02176,2025-01-28,CUST0713,P004,1,0.0,42000.0,23791.67,18208.33,East,UPI
ORD00081,2025-01-29,CUST0505,P002,2,0.05,2280.0,1419.88,860.12,North,UPI
ORD01689,2025-01-29,CUST0155,P007,2,0.1,16200.0,13296.73,2903.27,South,UPI
ORD00257,2025-01-29,CUST0094,P009,1,0.1,16200.0,13990.18,2209.82,East,UPI
ORD01326,2025-01-29,CUST0709,P010,5,0.0,2500.0,2000.89,499.11,East,Net Banking
ORD01791,2025-01-29,CUST0615,P008,3,0.0,22500.0,14390.26,8109.74,West,Net Banking
ORD00783,2025-01-29,CUST0163,P005,2,0.0,56000.0,38978.71,17021.29,South,Net Banking
ORD00016,2025-01-31,CUST0136,P008,3,0.15,19125.0,19733.81,-608.81,North,Credit Card
ORD00382,2025-01-31,CUST0688,P006,4,0.15,40800.0,32334.82,8465.18,South,Debit Card
ORD01558,2025-01-31,CUST0271,P006,1,0.05,11400.0,7344.42,4055.58,East,UPI
ORD02042,2025-01-31,CUST0736,P010,1,0.1,450.0,333.87,116.13,South,UPI
ORD00919,2025-01-31,CUST0454,P004,2,0.1,75600.0,55073.87,20526.13,South,Credit Card
ORD00800,2025-01-31,CUST0570,P002,3,0.0,3600.0,2685.6,914.4,North,UPI
ORD02084,2025-02-01,CUST0446,P010,1,0.15,425.0,355.04,69.96,North,Net Banking
ORD01428,2025-02-01,CUST0334,P001,4,0.0,260000.0,185045.45,74954.55,South,UPI
ORD02372,2025-02-02,CUST0631,P001,1,0.15,55250.0,49455.38,5794.62,West,Credit Card
ORD00665,2025-02-02,CUST0434,P008,1,0.1,6750.0,4366.82,2383.18,West,Credit Card
ORD01073,2025-02-02,CUST0148,P010,3,0.05,1425.0,1263.28,161.72,North,Net Banking
ORD01813,2025-02-02,CUST0589,P009,5,0.0,90000.0,72248.96,17751.04,West,Net Banking
ORD00431,2025-02-02,CUST0422,P005,2,0.0,56000.0,35501.69,20498.31,South,Credit Card
ORD01149,2025-02-02,CUST0316,P006,2,0.0,24000.0,17927.28,6072.72,West,Debit Card
ORD00849,2025-02-02,CUST0720,P010,1,0.05,475.0,316.28,158.72,East,Debit Card
ORD00730,2025-02-03,CUST0360,P011,1,0.0,900.0,561.16,338.84,South,Debit Card
ORD00599,2025-02-03,CUST0726,P009,2,0.1,32400.0,24925.57,7474.43,South,UPI
ORD01130,2025-02-03,CUST0711,P009,2,0.0,36000.0,22864.69,13135.31,West,UPI
ORD01081,2025-02-03,CUST0677,P009,1,0.1,16200.0,15451.04,748.96,North,Credit Card
ORD02348,2025-02-04,CUST0198,P007,1,0.15,7650.0,7505.05,144.95,West,UPI
ORD02860,2025-02-04,CUST0752,P002,1,0.1,1080.0,833.87,246.13,South,UPI
ORD01068,2025-02-04,CUST0582,P006,1,0.1,10800.0,8318.54,2481.46,South,Credit Card
ORD00104,2025-02-04,CUST0540,P006,1,0.05,11400.0,7580.94,3819.06,West,UPI
ORD01382,2025-02-04,CUST0052,P011,2,0.05,1710.0,1029.59,680.41,West,UPI
ORD02006,2025-02-04,CUST0273,P006,3,0.0,36000.0,29123.15,6876.85,South,UPI
ORD02564,2025-02-04,CUST0620,P010,1,0.0,500.0,382.06,117.94,South,UPI
ORD00897,2025-02-05,CUST0618,P002,2,0.15,2040.0,1516.73,523.27,North,Credit Card
ORD02591,2025-02-06,CUST0699,P011,2,0.0,1800.0,1338.63,461.37,South,Credit Card
ORD02359,2025-02-06,CUST0794,P001,1,0.05,61750.0,44875.16,16874.84,East,UPI
ORD02641,2025-02-06,CUST0387,P004,1,0.15,35700.0,32559.12,3140.88,West,Debit Card
ORD01934,2025-02-06,CUST0074,P011,1,0.0,900.0,598.9,301.1,North,UPI
ORD02594,2025-02-07,CUST0268,P011,1,0.0,900.0,545.37,354.63,South,Credit Card
ORD02340,2025-02-07,CUST0150,P010,2,0.05,950.0,583.0,367.0,East,Credit Card
ORD01541,2025-02-07,CUST0357,P003,1,0.0,4500.0,3453.67,1046.33,West,UPI
ORD00196,2025-02-07,CUST0540,P012,1,0.2,6400.0,6783.46,-383.46,West,Net Banking
ORD02320,2025-02-07,CUST0535,P012,2,0.1,14400.0,11283.75,3116.25,South,Credit Card
ORD00666,2025-02-08,CUST0140,P010,3,0.05,1425.0,1082.89,342.11,South,Credit Card
ORD00982,2025-02-08,CUST0054,P009,5,0.05,85500.0,68170.38,17329.62,East,Credit Card
ORD00762,2025-02-08,CUST0426,P011,1,0.05,855.0,557.82,297.18,West,UPI
ORD02368,2025-02-08,CUST0130,P001,2,0.0,130000.0,73398.08,56601.92,West,Credit Card
ORD01018,2025-02-08,CUST0376,P003,1,0.0,4500.0,3893.6,606.4,North,Credit Card
ORD01503,2025-02-09,CUST0260,P007,1,0.15,7650.0,5255.46,2394.54,North,Net Banking
ORD01492,2025-02-09,CUST0377,P007,1,0.05,8550.0,5270.84,3279.16,East,Debit Card
ORD00642,2025-02-09,CUST0510,P012,1,0.05,7600.0,5096.87,2503.13,West,Credit Card
ORD00618,2025-02-09,CUST0750,P010,2,0.05,950.0,748.28,201.72,North,Net Banking
ORD01045,2025-02-09,CUST0165,P009,1,0.0,18000.0,15542.55,2457.45,South,Credit Card
ORD00944,2025-02-10,CUST0047,P007,3,0.0,27000.0,23720.49,3279.51,East,Credit Card
ORD00426,2025-02-10,CUST0793,P001,3,0.1,175500.0,118848.83,56651.17,North,Net Banking
ORD01812,2025-02-10,CUST0112,P007,1,0.1,8100.0,6917.87,1182.13,North,Cash on Delivery
ORD02479,2025-02-10,CUST0557,P006,2,0.15,20400.0,17270.26,3129.74,South,Cash on Delivery
ORD01391,2025-02-10,CUST0563,P012,1,0.0,8000.0,6599.63,1400.37,South,Cash on Delivery
ORD00635,2025-02-10,CUST0375,P005,3,0.1,75600.0,61977.53,13622.47,West,UPI
ORD01640,2025-02-11,CUST0333,P003,1,0.0,4500.0,3696.25,803.75,North,UPI
ORD00837,2025-02-11,CUST0363,P006,1,0.2,9600.0,9005.01,594.99,West,Net Banking
ORD01121,2025-02-11,CUST0306,P005,4,0.1,100800.0,83109.6,17690.4,West,Net Banking
ORD01957,2025-02-11,CUST0209,P011,3,0.0,2700.0,1772.46,927.54,South,Debit Card
ORD02699,2025-02-12,CUST0212,P010,1,0.0,500.0,317.29,182.71,North,Debit Card
ORD02095,2025-02-12,CUST0024,P010,1,0.0,500.0,380.41,119.59,South,Credit Card
ORD00157,2025-02-13,CUST0508,P001,2,0.05,123500.0,95253.93,28246.07,South,Credit Card
ORD02434,2025-02-14,CUST0601,P004,2,0.0,84000.0,72136.82,11863.18,South,Net Banking
ORD02610,2025-02-15,CUST0524,P009,3,0.2,43200.0,30437.47,12762.53,North,Debit Card
ORD02148,2025-02-15,CUST0597,P004,2,0.05,79800.0,62401.44,17398.56,South,Credit Card
ORD02894,2025-02-15,CUST0756,P012,1,0.15,6800.0,4819.83,1980.17,South,UPI
ORD01599,2025-02-15,CUST0631,P005,2,0.1,50400.0,43917.12,6482.88,West,Credit Card
ORD01955,2025-02-15,CUST0748,P002,2,0.0,2400.0,1481.0,919.0,West,Credit Card
ORD02186,2025-02-15,CUST0439,P007,2,0.15,15300.0,13620.6,1679.4,West,Debit Card
ORD02957,2025-02-16,CUST0588,P004,2,0.05,79800.0,73641.29,6158.71,West,Net Banking
ORD02660,2025-02-16,CUST0238,P003,5,0.05,21375.0,15550.13,5824.87,South,Debit Card
ORD00959,2025-02-16,CUST0606,P011,1,0.0,900.0,521.64,378.36,North,UPI
ORD02846,2025-02-17,CUST0169,P007,1,0.15,7650.0,5377.74,2272.26,East,Cash on Delivery
ORD02872,2025-02-17,CUST0237,P006,2,0.15,20400.0,19363.86,1036.14,West,UPI
ORD02645,2025-02-17,CUST0405,P003,3,0.05,12825.0,10977.3,1847.7,North,Credit Card
ORD00342,2025-02-17,CUST0086,P011,2,0.15,1530.0,1581.13,-51.13,North,UPI
ORD01890,2025-02-17,CUST0168,P004,2,0.0,84000.0,64001.21,19998.79,North,Credit Card
ORD00903,2025-02-17,CUST0741,P005,1,0.05,26600.0,16810.79,9789.21,West,UPI
ORD01123,2025-02-17,CUST0721,P012,2,0.0,16000.0,8916.37,7083.63,East,Debit Card
ORD02672,2025-02-17,CUST0085,P002,2,0.05,2280.0,1515.64,764.36,East,Net Banking
ORD02876,2025-02-19,CUST0663,P006,1,0.0,12000.0,6842.01,5157.99,West,Credit Card
ORD00138,2025-02-19,CUST0276,P007,1,0.0,9000.0,7495.58,1504.42,North,UPI
ORD01749,2025-02-19,CUST0177,P010,1,0.05,475.0,413.88,61.12,West,UPI
ORD00825,2025-02-19,CUST0419,P006,1,0.0,12000.0,7179.04,4820.96,North,Credit Card
ORD02940,2025-02-19,CUST0573,P003,2,0.05,8550.0,7056.2,1493.8,South,Credit Card
ORD01810,2025-02-20,CUST0090,P004,2,0.1,75600.0,48026.39,27573.61,South,UPI
ORD00398,2025-02-20,CUST0720,P011,3,0.1,2430.0,2289.34,140.66,East,Cash on Delivery
ORD01340,2025-02-20,CUST0171,P011,1,0.0,900.0,537.57,362.43,South,Credit Card
ORD00212,2025-02-21,CUST0189,P007,1,0.15,7650.0,6303.16,1346.84,South,UPI
ORD02486,2025-02-21,CUST0735,P006,2,0.0,24000.0,15042.04,8957.96,South,Debit Card
ORD01000,2025-02-21,CUST0333,P007,1,0.05,8550.0,6680.69,1869.31,North,UPI
ORD00520,2025-02-22,CUST0624,P002,2,0.0,2400.0,2076.23,323.77,South,UPI
ORD02695,2025-02-22,CUST0309,P008,2,0.15,12750.0,9677.29,3072.71,West,UPI
ORD00641,2025-02-22,CUST0250,P002,1,0.15,1020.0,1019.27,0.73,West,UPI
ORD01684,2025-02-22,CUST0319,P001,1,0.1,58500.0,50203.31,8296.69,South,UPI
ORD02513,2025-02-22,CUST0787,P010,4,0.0,2000.0,1246.17,753.83,West,Credit Card
ORD01630,2025-02-22,CUST0520,P001,3,0.1,175500.0,166683.25,8816.75,North,Net Banking
ORD02770,2025-02-23,CUST0258,P002,1,0.15,1020.0,737.17,282.83,North,Net Banking
ORD02426,2025-02-23,CUST0442,P002,3,0.15,3060.0,2689.53,370.47,East,Credit Card
ORD00739,2025-02-23,CUST0732,P005,4,0.0,112000.0,85644.51,26355.49,West,UPI
ORD00448,2025-02-23,CUST0072,P003,3,0.15,11475.0,8767.13,2707.87,South,UPI
ORD01595,2025-02-23,CUST0412,P007,1,0.1,8100.0,6288.86,1811.14,South,Debit Card
ORD00206,2025-02-23,CUST0170,P005,2,0.1,50400.0,34626.69,15773.31,South,Credit Card
ORD02683,2025-02-23,CUST0392,P006,4,0.15,40800.0,36207.49,4592.51,South,UPI
ORD01647,2025-02-23,CUST0015,P009,4,0.05,68400.0,41350.9,27049.1,West,Net Banking
ORD02386,2025-02-24,CUST0515,P002,2,0.05,2280.0,2054.02,225.98,South,UPI
ORD02005,2025-02-24,CUST0554,P001,1,0.15,55250.0,44671.76,10578.24,North,Credit Card
ORD02288,2025-02-24,CUST0122,P003,1,0.0,4500.0,3817.9,682.1,South,Net Banking
ORD00950,2025-02-24,CUST0248,P012,2,0.0,16000.0,12985.46,3014.54,North,UPI
ORD01676,2025-02-24,CUST0530,P011,1,0.1,810.0,581.4,228.6,South,UPI
ORD02112,2025-02-24,CUST0702,P010,1,0.0,500.0,435.74,64.26,South,Net Banking
ORD00741,2025-02-25,CUST0457,P002,1,0.15,1020.0,900.92,119.08,West,Credit Card
ORD00796,2025-02-25,CUST0675,P004,1,0.0,42000.0,24174.4,17825.6,North,UPI
ORD02208,2025-02-25,CUST0439,P004,5,0.1,189000.0,172972.39,16027.61,West,Net Banking
ORD02476,2025-02-26,CUST0496,P003,2,0.1,8100.0,5053.31,3046.69,South,UPI
ORD00768,2025-02-26,CUST0611,P003,1,0.0,4500.0,2774.48,1725.52,South,UPI
ORD01190,2025-02-26,CUST0738,P008,1,0.05,7125.0,4146.94,2978.06,West,Credit Card
ORD00251,2025-02-27,CUST0222,P007,3,0.15,22950.0,17339.77,5610.23,East,UPI
ORD01482,2025-02-27,CUST0457,P002,1,0.05,1140.0,1038.97,101.03,West,Net Banking
ORD01529,2025-02-27,CUST0090,P010,2,0.05,950.0,872.69,77.31,South,Net Banking
ORD01407,2025-02-27,CUST0305,P002,2,0.15,2040.0,1617.31,422.69,East,UPI
ORD02838,2025-02-28,CUST0188,P011,1,0.0,900.0,756.98,143.02,South,Net Banking
ORD00098,2025-02-28,CUST0480,P012,1,0.0,8000.0,4884.22,3115.78,North,UPI
ORD02951,2025-02-28,CUST0429,P009,1,0.05,17100.0,10631.54,6468.46,West,UPI
ORD00557,2025-02-28,CUST0042,P010,2,0.1,900.0,877.92,22.08,North,Credit Card
ORD02616,2025-02-28,CUST0051,P006,2,0.1,21600.0,16446.26,5153.74,South,Debit Card
ORD00807,2025-02-28,CUST0710,P002,4,0.0,4800.0,3959.82,840.18,South,Debit Card
ORD01173,2025-02-28,CUST0754,P004,1,0.15,35700.0,32525.65,3174.35,North,Credit Card
ORD01415,2025-03-01,CUST0429,P006,3,0.05,34200.0,31094.17,3105.83,West,UPI
ORD01093,2025-03-01,CUST0159,P012,4,0.0,32000.0,23864.59,8135.41,East,Credit Card
ORD02841,2025-03-01,CUST0783,P002,2,0.0,2400.0,1828.57,571.43,West,Cash on Delivery
ORD01156,2025-03-01,CUST0096,P005,5,0.0,140000.0,103369.22,36630.78,North,UPI
ORD00424,2025-03-02,CUST0551,P008,3,0.15,19125.0,18707.3,417.7,North,UPI
ORD01251,2025-03-02,CUST0396,P005,3,0.0,84000.0,66083.45,17916.55,North,Credit Card
ORD00341,2025-03-02,CUST0794,P004,4,0.1,151200.0,97925.2,53274.8,East,Debit Card
ORD02278,2025-03-02,CUST0413,P009,3,0.05,51300.0,30318.76,20981.24,West,Net Banking
ORD00317,2025-03-02,CUST0564,P003,3,0.0,13500.0,10669.85,2830.15,South,Debit Card
ORD01685,2025-03-02,CUST0441,P010,3,0.1,1350.0,1116.5,233.5,South,UPI
ORD02540,2025-03-03,CUST0157,P004,2,0.0,84000.0,49029.15,34970.85,North,Net Banking
ORD02229,2025-03-03,CUST0658,P006,1,0.05,11400.0,9572.37,1827.63,West,UPI
ORD00319,2025-03-03,CUST0485,P010,1,0.0,500.0,283.69,216.31,North,Debit Card
ORD00130,2025-03-03,CUST0258,P005,1,0.05,26600.0,21425.24,5174.76,North,Credit Card
ORD01995,2025-03-03,CUST0144,P003,1,0.0,4500.0,3254.76,1245.24,South,Net Banking
ORD00562,2025-03-03,CUST0273,P011,2,0.0,1800.0,1432.88,367.12,South,UPI
ORD01649,2025-03-04,CUST0226,P009,1,0.15,15300.0,12834.27,2465.73,South,UPI
ORD00655,2025-03-04,CUST0271,P004,3,0.0,126000.0,79818.1,46181.9,East,Net Banking
ORD02960,2025-03-04,CUST0746,P008,3,0.0,22500.0,18128.37,4371.63,North,Credit Card
ORD01710,2025-03-05,CUST0118,P011,1,0.0,900.0,767.94,132.06,South,Debit Card
ORD00051,2025-03-05,CUST0267,P009,4,0.0,72000.0,40125.78,31874.22,West,Cash on Delivery
ORD00012,2025-03-05,CUST0504,P001,2,0.0,130000.0,76696.39,53303.61,West,Net Banking
ORD01587,2025-03-06,CUST0025,P005,5,0.15,119000.0,113695.77,5304.23,West,Credit Card
ORD01733,2025-03-06,CUST0705,P003,1,0.05,4275.0,3726.04,548.96,North,UPI
ORD01481,2025-03-06,CUST0178,P001,1,0.0,65000.0,37171.16,27828.84,South,Debit Card
ORD02021,2025-03-06,CUST0152,P010,1,0.05,475.0,334.84,140.16,North,Credit Card
ORD01532,2025-03-07,CUST0582,P012,1,0.15,6800.0,6280.64,519.36,South,UPI
ORD00518,2025-03-07,CUST0606,P005,2,0.0,56000.0,36680.46,19319.54,North,Credit Card
ORD01054,2025-03-07,CUST0146,P010,1,0.0,500.0,412.18,87.82,West,UPI
ORD01457,2025-03-07,CUST0278,P005,1,0.15,23800.0,23199.86,600.14,West,Net Banking
ORD02398,2025-03-08,CUST0518,P006,4,0.0,48000.0,29478.81,18521.19,South,UPI
ORD02915,2025-03-08,CUST0105,P012,1,0.15,6800.0,4813.37,1986.63,South,UPI
ORD01701,2025-03-09,CUST0792,P004,1,0.05,39900.0,34651.92,5248.08,West,Debit Card
ORD01321,2025-03-09,CUST0112,P012,1,0.0,8000.0,5856.19,2143.81,North,UPI
ORD02161,2025-03-09,CUST0503,P011,2,0.1,1620.0,1226.98,393.02,South,UPI
ORD02967,2025-03-10,CUST0686,P009,3,0.0,54000.0,31860.26,22139.74,North,Net Banking
ORD00907,2025-03-10,CUST0624,P012,1,0.0,8000.0,4992.48,3007.52,South,Credit Card
ORD00836,2025-03-10,CUST0327,P005,2,0.2,44800.0,46775.77,-1975.77,South,UPI
ORD01207,2025-03-10,CUST0527,P002,2,0.2,1920.0,1982.42,-62.42,North,Credit Card
ORD01767,2025-03-10,CUST0685,P005,2,0.1,50400.0,47815.78,2584.22,West,Credit Card
ORD00682,2025-03-11,CUST0726,P004,2,0.0,84000.0,56709.31,27290.69,South,Debit Card
ORD00848,2025-03-11,CUST0187,P009,4,0.05,68400.0,56935.45,11464.55,South,Debit Card
ORD00795,2025-03-11,CUST0245,P004,2,0.0,84000.0,59746.38,24253.62,West,Net Banking
ORD01247,2025-03-11,CUST0462,P011,1,0.0,900.0,509.32,390.68,West,Credit Card
ORD02462,2025-03-11,CUST0337,P008,1,0.05,7125.0,5482.87,1642.13,South,Credit Card
ORD02719,2025-03-11,CUST0422,P004,1,0.0,42000.0,36209.53,5790.47,South,Credit Card
ORD00939,2025-03-11,CUST0714,P003,4,0.05,17100.0,11184.99,5915.01,South,Debit Card
ORD01001,2025-03-12,CUST0758,P008,4,0.05,28500.0,17977.19,10522.81,East,UPI
ORD01932,2025-03-12,CUST0268,P002,1,0.05,1140.0,1004.19,135.81,South,Credit Card
ORD01430,2025-03-12,CUST0798,P003,1,0.0,4500.0,2727.82,1772.18,South,Credit Card
ORD02310,2025-03-13,CUST0054,P011,1,0.1,810.0,775.51,34.49,East,Cash on Delivery
ORD01644,2025-03-13,CUST0334,P009,3,0.0,54000.0,40327.13,13672.87,South,Net Banking
ORD02063,2025-03-13,CUST0230,P001,1,0.2,52000.0,43235.84,8764.16,North,Debit Card
ORD01484,2025-03-13,CUST0291,P007,3,0.0,27000.0,18398.95,8601.05,West,UPI
ORD02193,2025-03-13,CUST0097,P001,1,0.15,55250.0,55313.68,-63.68,North,Debit Card
ORD02631,2025-03-14,CUST0143,P007,1,0.1,8100.0,6452.57,1647.43,West,Credit Card
ORD00506,2025-03-14,CUST0722,P007,1,0.0,9000.0,6582.08,2417.92,West,UPI
ORD00030,2025-03-15,CUST0044,P005,1,0.2,22400.0,21727.51,672.49,West,Credit Card
ORD01695,2025-03-15,CUST0732,P008,1,0.1,6750.0,5565.35,1184.65,West,Net Banking
ORD01672,2025-03-15,CUST0171,P008,1,0.0,7500.0,4811.4,2688.6,South,Cash on Delivery
ORD00528,2025-03-16,CUST0364,P006,3,0.0,36000.0,24263.64,11736.36,West,Credit Card
ORD01975,2025-03-16,CUST0467,P009,2,0.0,36000.0,30898.73,5101.27,South,Credit Card
ORD01142,2025-03-16,CUST0195,P006,2,0.1,21600.0,16800.3,4799.7,North,UPI
ORD02173,2025-03-16,CUST0617,P004,2,0.0,84000.0,60949.27,23050.73,West,UPI
ORD01526,2025-03-16,CUST0383,P003,3,0.15,11475.0,7596.22,3878.78,South,Net Banking
ORD01372,2025-03-17,CUST0427,P009,2,0.0,36000.0,31254.94,4745.06,East,Cash on Delivery
ORD00856,2025-03-17,CUST0194,P012,1,0.1,7200.0,5856.5,1343.5,East,Credit Card
ORD00584,2025-03-17,CUST0450,P004,2,0.1,75600.0,69552.64,6047.36,South,Credit Card
ORD02452,2025-03-18,CUST0366,P003,1,0.1,4050.0,2904.73,1145.27,North,UPI
ORD02742,2025-03-18,CUST0039,P012,1,0.0,8000.0,4574.08,3425.92,North,Credit Card
ORD01833,2025-03-18,CUST0168,P002,1,0.1,1080.0,804.63,275.37,North,Debit Card
ORD02655,2025-03-18,CUST0014,P005,1,0.05,26600.0,20593.47,6006.53,North,UPI
ORD01392,2025-03-18,CUST0629,P004,1,0.05,39900.0,23726.03,16173.97,North,Debit Card
ORD01704,2025-03-18,CUST0606,P012,3,0.15,20400.0,15109.59,5290.41,North,UPI
ORD01683,2025-03-19,CUST0444,P008,3,0.0,22500.0,16155.51,6344.49,South,Net Banking
ORD02811,2025-03-19,CUST0005,P007,1,0.15,7650.0,7015.5,634.5,South,Cash on Delivery
ORD02764,2025-03-20,CUST0799,P010,2,0.05,950.0,868.54,81.46,South,Credit Card
ORD01575,2025-03-20,CUST0523,P012,2,0.0,16000.0,9317.56,6682.44,East,Net Banking
ORD01172,2025-03-20,CUST0468,P005,1,0.15,23800.0,16127.5,7672.5,South,Net Banking
ORD00188,2025-03-20,CUST0573,P008,1,0.0,7500.0,5893.83,1606.17,South,UPI
ORD00467,2025-03-20,CUST0766,P005,2,0.0,56000.0,38750.15,17249.85,East,Credit Card
ORD01471,2025-03-20,CUST0188,P008,3,0.05,21375.0,14269.23,7105.77,South,Credit Card
ORD02219,2025-03-21,CUST0440,P010,1,0.05,475.0,422.57,52.43,East,UPI
ORD02250,2025-03-21,CUST0474,P006,1,0.05,11400.0,7318.0,4082.0,West,Net Banking
ORD01944,2025-03-21,CUST0487,P007,1,0.05,8550.0,6612.06,1937.94,West,Net Banking
ORD00593,2025-03-21,CUST0550,P006,1,0.0,12000.0,10130.5,1869.5,East,UPI
ORD01239,2025-03-22,CUST0480,P007,2,0.0,18000.0,14007.71,3992.29,North,UPI
ORD00701,2025-03-22,CUST0661,P001,1,0.05,61750.0,49042.48,12707.52,South,UPI
ORD01712,2025-03-23,CUST0066,P001,5,0.0,325000.0,246216.65,78783.35,West,Cash on Delivery
ORD00826,2025-03-24,CUST0337,P004,1,0.0,42000.0,35454.02,6545.98,South,Credit Card
ORD02675,2025-03-24,CUST0132,P011,1,0.05,855.0,632.15,222.85,South,Debit Card
ORD00632,2025-03-24,CUST0588,P006,5,0.1,54000.0,50897.26,3102.74,West,UPI
ORD00975,2025-03-24,CUST0685,P006,5,0.0,60000.0,51951.06,8048.94,West,Credit Card
ORD02907,2025-03-24,CUST0590,P012,3,0.2,19200.0,16720.51,2479.49,South,UPI
ORD00250,2025-03-24,CUST0532,P006,3,0.0,36000.0,22357.44,13642.56,North,Debit Card
ORD01525,2025-03-24,CUST0257,P009,1,0.0,18000.0,13925.02,4074.98,South,Debit Card
ORD01327,2025-03-25,CUST0475,P006,2,0.0,24000.0,17963.3,6036.7,East,Cash on Delivery
ORD01913,2025-03-25,CUST0189,P007,3,0.1,24300.0,18178.08,6121.92,South,UPI
ORD00408,2025-03-25,CUST0048,P012,1,0.05,7600.0,5406.73,2193.27,South,Debit Card
ORD02578,2025-03-25,CUST0746,P004,1,0.05,39900.0,35564.0,4336.0,North,Net Banking
ORD01608,2025-03-25,CUST0554,P002,1,0.05,1140.0,816.36,323.64,North,Net Banking
ORD02268,2025-03-25,CUST0431,P012,2,0.1,14400.0,13478.35,921.65,East,Net Banking
ORD02864,2025-03-25,CUST0011,P006,2,0.05,22800.0,17906.49,4893.51,South,Credit Card
ORD02305,2025-03-26,CUST0219,P007,1,0.1,8100.0,7021.02,1078.98,West,Net Banking
ORD01656,2025-03-26,CUST0266,P001,1,0.05,61750.0,37338.51,24411.49,West,UPI
ORD02549,2025-03-26,CUST0090,P005,1,0.05,26600.0,22066.79,4533.21,South,Credit Card
ORD02926,2025-03-26,CUST0773,P010,3,0.1,1350.0,986.78,363.22,North,Credit Card
ORD01921,2025-03-26,CUST0768,P004,1,0.05,39900.0,28740.85,11159.15,South,UPI
ORD00471,2025-03-27,CUST0487,P007,1,0.0,9000.0,7594.23,1405.77,West,Credit Card
ORD02661,2025-03-27,CUST0546,P005,2,0.15,47600.0,33099.67,14500.33,North,Credit Card
ORD02510,2025-03-27,CUST0693,P002,1,0.05,1140.0,717.91,422.09,South,Net Banking
ORD02581,2025-03-27,CUST0079,P008,1,0.2,6000.0,5070.38,929.62,West,UPI
ORD02020,2025-03-27,CUST0686,P009,3,0.0,54000.0,41652.49,12347.51,North,Net Banking
ORD01996,2025-03-27,CUST0111,P002,3,0.0,3600.0,2637.49,962.51,South,Cash on Delivery
ORD02539,2025-03-27,CUST0200,P011,2,0.0,1800.0,1196.1,603.9,North,UPI
ORD00586,2025-03-28,CUST0104,P006,2,0.05,22800.0,18256.58,4543.42,South,Net Banking
ORD02524,2025-03-28,CUST0308,P003,4,0.05,17100.0,14025.21,3074.79,North,Credit Card
ORD01581,2025-03-28,CUST0022,P011,3,0.0,2700.0,1746.58,953.42,West,Credit Card
ORD00036,2025-03-28,CUST0220,P004,1,0.1,37800.0,36535.49,1264.51,South,Credit Card
ORD02214,2025-03-28,CUST0599,P010,3,0.05,1425.0,924.71,500.29,West,UPI
ORD00409,2025-03-29,CUST0018,P007,3,0.0,27000.0,16500.74,10499.26,North,Credit Card
ORD01272,2025-03-29,CUST0768,P002,1,0.05,1140.0,670.24,469.76,South,Credit Card
ORD01363,2025-03-29,CUST0780,P008,1,0.0,7500.0,4586.79,2913.21,South,Net Banking
ORD00379,2025-03-29,CUST0777,P001,1,0.15,55250.0,47193.14,8056.86,South,Credit Card
ORD01618,2025-03-29,CUST0778,P006,4,0.15,40800.0,40540.01,259.99,North,Net Banking
ORD02802,2025-03-30,CUST0251,P004,3,0.1,113400.0,85402.35,27997.65,South,Credit Card
ORD02039,2025-03-30,CUST0179,P002,3,0.0,3600.0,2907.6,692.4,North,UPI
ORD01500,2025-03-30,CUST0763,P002,2,0.0,2400.0,1953.79,446.21,East,Credit Card
ORD00070,2025-03-30,CUST0514,P009,1,0.0,18000.0,14082.0,3918.0,North,UPI
ORD00521,2025-03-30,CUST0567,P002,5,0.0,6000.0,3451.26,2548.74,North,Cash on Delivery
ORD00388,2025-03-30,CUST0503,P011,1,0.0,900.0,754.49,145.51,South,UPI
ORD00754,2025-03-30,CUST0552,P001,1,0.15,55250.0,48086.63,7163.37,East,UPI
ORD02183,2025-03-31,CUST0726,P011,3,0.1,2430.0,1601.16,828.84,South,UPI
ORD01572,2025-03-31,CUST0364,P008,2,0.1,13500.0,8898.63,4601.37,West,UPI
ORD02137,2025-03-31,CUST0392,P011,1,0.05,855.0,578.19,276.81,South,UPI
ORD01948,2025-03-31,CUST0179,P012,2,0.05,15200.0,10263.52,4936.48,North,Cash on Delivery
ORD00619,2025-03-31,CUST0696,P002,1,0.0,1200.0,723.48,476.52,South,Credit Card
ORD02300,2025-03-31,CUST0114,P009,2,0.0,36000.0,21601.99,14398.01,South,Net Banking
ORD02848,2025-04-01,CUST0366,P010,3,0.0,1500.0,1314.06,185.94,North,Credit Card
ORD02131,2025-04-01,CUST0502,P006,3,0.15,30600.0,28421.99,2178.01,South,Debit Card
ORD01329,2025-04-01,CUST0204,P005,1,0.0,28000.0,17128.2,10871.8,North,UPI
ORD00720,2025-04-01,CUST0549,P009,4,0.15,61200.0,61392.09,-192.09,West,Net Banking
ORD02535,2025-04-02,CUST0118,P011,3,0.05,2565.0,2172.35,392.65,South,Net Banking
ORD00538,2025-04-03,CUST0367,P010,4,0.15,1700.0,1258.57,441.43,North,Cash on Delivery
ORD02204,2025-04-03,CUST0161,P010,2,0.0,1000.0,705.21,294.79,North,UPI
ORD00457,2025-04-03,CUST0076,P005,4,0.0,112000.0,98365.85,13634.15,South,UPI
ORD00026,2025-04-03,CUST0355,P005,3,0.05,79800.0,51595.26,28204.74,South,Debit Card
ORD00008,2025-04-03,CUST0671,P009,2,0.1,32400.0,24535.78,7864.22,South,Net Banking
ORD00151,2025-04-03,CUST0400,P009,4,0.0,72000.0,60429.91,11570.09,North,UPI
ORD02049,2025-04-03,CUST0200,P010,3,0.0,1500.0,868.18,631.82,North,UPI
ORD00621,2025-04-04,CUST0210,P009,1,0.1,16200.0,11580.34,4619.66,West,UPI
ORD00002,2025-04-04,CUST0414,P004,1,0.05,39900.0,28423.72,11476.28,North,Debit Card
ORD01381,2025-04-04,CUST0443,P012,3,0.0,24000.0,20937.27,3062.73,North,UPI
ORD00252,2025-04-04,CUST0166,P004,4,0.15,142800.0,105762.8,37037.2,North,Credit Card
ORD02181,2025-04-05,CUST0612,P004,3,0.15,107100.0,71109.57,35990.43,South,UPI
ORD00947,2025-04-05,CUST0030,P008,1,0.05,7125.0,5028.58,2096.42,West,UPI
ORD02369,2025-04-06,CUST0567,P012,1,0.05,7600.0,5814.59,1785.41,North,Credit Card
ORD00659,2025-04-06,CUST0693,P011,2,0.05,1710.0,1441.85,268.15,South,Debit Card
ORD00938,2025-04-07,CUST0791,P001,2,0.05,123500.0,113396.81,10103.19,West,Credit Card
ORD00719,2025-04-07,CUST0311,P004,3,0.15,107100.0,72409.49,34690.51,South,UPI
ORD00943,2025-04-07,CUST0069,P007,1,0.0,9000.0,5068.32,3931.68,East,Credit Card
ORD00108,2025-04-07,CUST0575,P008,1,0.15,6375.0,6560.83,-185.83,North,UPI
ORD00872,2025-04-07,CUST0103,P010,1,0.0,500.0,380.84,119.16,East,UPI
ORD02555,2025-04-08,CUST0301,P009,3,0.2,43200.0,39473.8,3726.2,South,Net Banking
ORD02102,2025-04-09,CUST0335,P003,2,0.1,8100.0,6232.6,1867.4,East,UPI
ORD01432,2025-04-09,CUST0273,P006,2,0.2,19200.0,20472.96,-1272.96,South,UPI
ORD02843,2025-04-09,CUST0517,P008,1,0.0,7500.0,6360.79,1139.21,South,Debit Card
ORD00780,2025-04-09,CUST0590,P007,1,0.05,8550.0,6653.96,1896.04,South,Debit Card
ORD01817,2025-04-09,CUST0101,P006,3,0.15,30600.0,20421.39,10178.61,South,UPI
ORD00670,2025-04-10,CUST0688,P004,1,0.0,42000.0,30338.79,11661.21,South,Credit Card
ORD01965,2025-04-10,CUST0375,P006,3,0.05,34200.0,19913.88,14286.12,West,UPI
ORD00638,2025-04-10,CUST0537,P010,2,0.1,900.0,724.08,175.92,West,Credit Card
ORD00935,2025-04-10,CUST0113,P007,2,0.1,16200.0,14743.65,1456.35,South,Credit Card
ORD00709,2025-04-11,CUST0345,P004,4,0.15,142800.0,133583.78,9216.22,South,Debit Card
ORD00823,2025-04-11,CUST0491,P009,1,0.05,17100.0,10771.4,6328.6,West,Credit Card
ORD01522,2025-04-11,CUST0255,P010,3,0.0,1500.0,1201.94,298.06,North,Debit Card
ORD00712,2025-04-11,CUST0503,P004,3,0.15,107100.0,83621.87,23478.13,South,Debit Card
ORD02615,2025-04-12,CUST0373,P004,4,0.15,142800.0,119788.88,23011.12,South,Debit Card
ORD01271,2025-04-12,CUST0616,P005,1,0.15,23800.0,24259.3,-459.3,West,Credit Card
ORD01464,2025-04-13,CUST0496,P010,2,0.05,950.0,607.07,342.93,South,UPI
ORD01017,2025-04-13,CUST0465,P002,1,0.05,1140.0,871.38,268.62,South,UPI
ORD00436,2025-04-14,CUST0451,P005,1,0.1,25200.0,23716.27,1483.73,West,Debit Card
ORD02008,2025-04-15,CUST0173,P002,1,0.0,1200.0,942.19,257.81,North,Net Banking
ORD02399,2025-04-15,CUST0103,P010,1,0.0,500.0,417.07,82.93,East,UPI
ORD02152,2025-04-15,CUST0291,P008,2,0.15,12750.0,8411.26,4338.74,West,UPI
ORD01964,2025-04-15,CUST0106,P003,1,0.2,3600.0,2607.37,992.63,North,UPI
ORD00767,2025-04-15,CUST0678,P010,5,0.05,2375.0,1868.73,506.27,West,UPI
ORD00580,2025-04-15,CUST0371,P009,2,0.1,32400.0,29511.49,2888.51,North,Credit Card
ORD02845,2025-04-15,CUST0330,P007,1,0.0,9000.0,5321.28,3678.72,South,UPI
ORD01153,2025-04-16,CUST0678,P001,2,0.2,104000.0,103058.14,941.86,West,Debit Card
ORD00980,2025-04-17,CUST0258,P002,1,0.0,1200.0,714.25,485.75,North,UPI
ORD00397,2025-04-17,CUST0082,P008,4,0.0,30000.0,25767.13,4232.87,West,UPI
ORD01914,2025-04-18,CUST0095,P010,3,0.1,1350.0,863.41,486.59,South,UPI
ORD02506,2025-04-18,CUST0092,P009,2,0.05,34200.0,26215.22,7984.78,West,Net Banking
ORD02614,2025-04-18,CUST0734,P009,1,0.05,17100.0,13204.85,3895.15,South,UPI
ORD02384,2025-04-19,CUST0663,P005,1,0.1,25200.0,20310.12,4889.88,West,UPI
ORD01687,2025-04-19,CUST0179,P007,2,0.0,18000.0,10290.14,7709.86,North,Debit Card
ORD01064,2025-04-20,CUST0692,P002,1,0.0,1200.0,677.0,523.0,North,Credit Card
ORD01316,2025-04-20,CUST0129,P002,1,0.15,1020.0,1043.47,-23.47,West,Credit Card
ORD01793,2025-04-20,CUST0088,P009,1,0.1,16200.0,11273.55,4926.45,North,Debit Card
ORD01259,2025-04-20,CUST0527,P005,1,0.0,28000.0,18344.81,9655.19,North,Credit Card
ORD01335,2025-04-20,CUST0772,P007,1,0.05,8550.0,7223.8,1326.2,South,Net Banking
ORD02593,2025-04-21,CUST0183,P001,1,0.1,58500.0,39651.34,18848.66,North,UPI
ORD01317,2025-04-21,CUST0706,P002,1,0.05,1140.0,919.83,220.17,South,Credit Card
ORD00587,2025-04-21,CUST0668,P005,2,0.0,56000.0,48226.09,7773.91,North,Debit Card
ORD02488,2025-04-21,CUST0338,P010,1,0.0,500.0,363.73,136.27,West,Credit Card
ORD01455,2025-04-21,CUST0490,P007,1,0.0,9000.0,5418.67,3581.33,South,UPI
ORD00226,2025-04-22,CUST0458,P002,2,0.0,2400.0,1371.24,1028.76,South,Credit Card
ORD02274,2025-04-22,CUST0534,P008,1,0.05,7125.0,6270.9,854.1,North,UPI
ORD02999,2025-04-23,CUST0539,P009,5,0.05,85500.0,58156.25,27343.75,West,Cash on Delivery
ORD01686,2025-04-23,CUST0092,P011,3,0.0,2700.0,1998.47,701.53,West,Net Banking
ORD01476,2025-04-24,CUST0730,P004,2,0.05,79800.0,67879.85,11920.15,West,UPI
ORD02718,2025-04-24,CUST0410,P003,3,0.05,12825.0,8334.13,4490.87,North,Credit Card
ORD01840,2025-04-24,CUST0146,P008,2,0.1,13500.0,9627.72,3872.28,West,UPI
ORD02457,2025-04-24,CUST0229,P009,1,0.05,17100.0,13782.04,3317.96,West,UPI
ORD01060,2025-04-25,CUST0653,P011,3,0.0,2700.0,1685.56,1014.44,South,UPI
ORD02651,2025-04-25,CUST0547,P009,1,0.0,18000.0,12374.59,5625.41,North,UPI
ORD02902,2025-04-25,CUST0615,P011,2,0.15,1530.0,1078.26,451.74,West,UPI
ORD00626,2025-04-25,CUST0720,P010,1,0.0,500.0,425.77,74.23,East,Net Banking
ORD01474,2025-04-26,CUST0427,P005,2,0.0,56000.0,48660.52,7339.48,East,UPI
ORD00011,2025-04-26,CUST0317,P012,2,0.1,14400.0,12140.48,2259.52,South,UPI
ORD00380,2025-04-26,CUST0790,P009,2,0.05,34200.0,29619.48,4580.52,West,UPI
ORD00687,2025-04-26,CUST0765,P011,1,0.0,900.0,716.54,183.46,South,Credit Card
ORD01359,2025-04-27,CUST0211,P012,1,0.1,7200.0,6136.65,1063.35,West,Net Banking
ORD00511,2025-04-27,CUST0498,P004,1,0.15,35700.0,29329.79,6370.21,West,UPI
ORD00838,2025-04-27,CUST0050,P005,1,0.05,26600.0,15402.22,11197.78,West,Net Banking
ORD02530,2025-04-27,CUST0189,P003,3,0.2,10800.0,9422.69,1377.31,South,UPI
ORD02643,2025-04-27,CUST0529,P009,3,0.0,54000.0,40902.9,13097.1,East,Debit Card
ORD01764,2025-04-27,CUST0540,P008,1,0.05,7125.0,4505.35,2619.65,West,Credit Card
ORD00977,2025-04-27,CUST0721,P006,4,0.0,48000.0,40359.05,7640.95,East,UPI
ORD00683,2025-04-27,CUST0469,P011,2,0.1,1620.0,1544.88,75.12,West,UPI
ORD00749,2025-04-27,CUST0543,P007,2,0.1,16200.0,14004.27,2195.73,West,Net Banking
ORD02126,2025-04-28,CUST0236,P007,2,0.0,18000.0,13902.02,4097.98,West,Credit Card
ORD01947,2025-04-28,CUST0206,P005,1,0.1,25200.0,20217.13,4982.87,South,Credit Card
ORD00297,2025-04-29,CUST0276,P002,1,0.05,1140.0,1043.84,96.16,North,Net Banking
ORD01597,2025-04-29,CUST0220,P002,1,0.2,960.0,766.48,193.52,South,UPI
ORD01719,2025-04-29,CUST0761,P008,3,0.15,19125.0,18852.64,272.36,North,Debit Card
ORD00745,2025-04-29,CUST0696,P002,2,0.1,2160.0,1634.23,525.77,South,UPI
ORD02865,2025-04-29,CUST0620,P005,2,0.05,53200.0,41311.16,11888.84,South,Debit Card
ORD01262,2025-04-29,CUST0681,P010,1,0.0,500.0,380.35,119.65,West,Debit Card
ORD01697,2025-04-30,CUST0068,P009,1,0.1,16200.0,12193.02,4006.98,North,Credit Card
ORD01320,2025-04-30,CUST0029,P009,2,0.0,36000.0,25058.15,10941.85,East,Debit Card
ORD01280,2025-04-30,CUST0083,P004,1,0.05,39900.0,26160.63,13739.37,South,Credit Card
ORD01792,2025-05-01,CUST0466,P006,1,0.05,11400.0,9157.51,2242.49,South,Credit Card
ORD02062,2025-05-02,CUST0464,P008,2,0.05,14250.0,13017.77,1232.23,North,UPI
ORD00900,2025-05-02,CUST0424,P002,1,0.05,1140.0,806.51,333.49,North,Debit Card
ORD00886,2025-05-02,CUST0173,P008,2,0.05,14250.0,10491.29,3758.71,North,UPI
ORD02514,2025-05-02,CUST0273,P008,3,0.0,22500.0,13015.53,9484.47,South,UPI
ORD01863,2025-05-02,CUST0481,P004,2,0.0,84000.0,69592.03,14407.97,North,UPI
ORD02471,2025-05-03,CUST0695,P009,4,0.05,68400.0,62169.69,6230.31,North,UPI
ORD01741,2025-05-03,CUST0439,P002,2,0.0,2400.0,1994.66,405.34,West,Debit Card
ORD02574,2025-05-03,CUST0748,P006,1,0.1,10800.0,8908.17,1891.83,West,UPI
ORD00017,2025-05-03,CUST0201,P004,4,0.1,151200.0,116318.56,34881.44,East,Debit Card
ORD02144,2025-05-03,CUST0568,P002,1,0.0,1200.0,934.57,265.43,East,UPI
ORD02198,2025-05-03,CUST0125,P011,5,0.0,4500.0,3763.26,736.74,West,Credit Card
ORD00370,2025-05-03,CUST0065,P004,3,0.05,119700.0,106101.45,13598.55,South,Debit Card
ORD02751,2025-05-04,CUST0110,P003,2,0.15,7650.0,5605.77,2044.23,West,UPI
ORD01178,2025-05-04,CUST0162,P001,3,0.1,175500.0,135776.79,39723.21,East,Credit Card
ORD00648,2025-05-04,CUST0211,P004,2,0.0,84000.0,67987.93,16012.07,West,Debit Card
ORD00303,2025-05-04,CUST0785,P003,3,0.05,12825.0,8595.32,4229.68,North,Credit Card
ORD02187,2025-05-05,CUST0157,P008,1,0.1,6750.0,5227.37,1522.63,North,Net Banking
ORD00979,2025-05-05,CUST0576,P008,1,0.0,7500.0,5423.11,2076.89,East,UPI
ORD00855,2025-05-05,CUST0237,P007,1,0.1,8100.0,7353.44,746.56,West,Cash on Delivery
ORD01506,2025-05-06,CUST0551,P005,1,0.05,26600.0,21460.68,5139.32,North,Debit Card
ORD02170,2025-05-06,CUST0660,P007,1,0.0,9000.0,6247.02,2752.98,South,Debit Card
ORD00046,2025-05-06,CUST0470,P002,1,0.05,1140.0,808.7,331.3,South,Debit Card
ORD02240,2025-05-06,CUST0296,P004,2,0.05,79800.0,70656.06,9143.94,East,Cash on Delivery
ORD01158,2025-05-06,CUST0778,P012,1,0.05,7600.0,6410.83,1189.17,North,UPI
ORD00773,2025-05-07,CUST0785,P003,2,0.2,7200.0,7325.85,-125.85,North,UPI
ORD02712,2025-05-07,CUST0478,P005,4,0.05,106400.0,96184.43,10215.57,East,Debit Card
ORD02230,2025-05-07,CUST0182,P002,2,0.05,2280.0,2088.98,191.02,North,Net Banking
ORD00375,2025-05-08,CUST0106,P005,1,0.15,23800.0,18155.9,5644.1,North,Credit Card
ORD02382,2025-05-08,CUST0169,P010,1,0.05,475.0,351.25,123.75,East,Cash on Delivery
ORD01835,2025-05-08,CUST0503,P007,1,0.0,9000.0,6444.12,2555.88,South,Debit Card
ORD01560,2025-05-08,CUST0692,P011,1,0.1,810.0,561.93,248.07,North,UPI
ORD00440,2025-05-08,CUST0758,P010,4,0.05,1900.0,1184.84,715.16,East,Credit Card
ORD00727,2025-05-08,CUST0752,P003,5,0.15,19125.0,19612.42,-487.42,South,Credit Card
ORD01195,2025-05-08,CUST0578,P007,2,0.0,18000.0,11910.61,6089.39,South,Credit Card
ORD01462,2025-05-08,CUST0441,P003,4,0.0,18000.0,10636.58,7363.42,South,Debit Card
ORD02750,2025-05-08,CUST0586,P010,1,0.05,475.0,325.41,149.59,South,Debit Card
ORD02276,2025-05-09,CUST0212,P005,1,0.0,28000.0,18692.9,9307.1,North,Net Banking
ORD02857,2025-05-09,CUST0355,P001,2,0.15,110500.0,94737.52,15762.48,South,UPI
ORD00316,2025-05-09,CUST0728,P006,2,0.05,22800.0,18776.91,4023.09,East,UPI
ORD00334,2025-05-09,CUST0540,P008,1,0.0,7500.0,5104.88,2395.12,West,Cash on Delivery
ORD02635,2025-05-09,CUST0581,P004,1,0.0,42000.0,35204.84,6795.16,South,Credit Card
ORD00090,2025-05-09,CUST0378,P010,3,0.0,1500.0,1107.86,392.14,South,Net Banking
ORD02035,2025-05-10,CUST0566,P003,2,0.0,9000.0,6125.9,2874.1,East,UPI
ORD02438,2025-05-10,CUST0512,P002,1,0.15,1020.0,868.69,151.31,South,UPI
ORD01752,2025-05-11,CUST0611,P008,2,0.05,14250.0,12648.61,1601.39,South,UPI
ORD00400,2025-05-11,CUST0447,P002,4,0.1,4320.0,3554.46,765.54,West,Net Banking
ORD00279,2025-05-11,CUST0181,P009,2,0.0,36000.0,25845.03,10154.97,West,Debit Card
ORD00781,2025-05-11,CUST0429,P012,3,0.0,24000.0,17763.93,6236.07,West,Credit Card
ORD00915,2025-05-11,CUST0452,P002,2,0.0,2400.0,1327.77,1072.23,East,Credit Card
ORD00422,2025-05-12,CUST0310,P012,2,0.0,16000.0,10815.31,5184.69,South,Credit Card
ORD01759,2025-05-13,CUST0638,P004,1,0.0,42000.0,36920.82,5079.18,South,Debit Card
ORD01816,2025-05-13,CUST0660,P006,1,0.05,11400.0,8736.72,2663.28,South,Credit Card
ORD02952,2025-05-13,CUST0434,P003,1,0.05,4275.0,3042.48,1232.52,West,Debit Card
ORD00852,2025-05-13,CUST0388,P004,3,0.0,126000.0,73840.08,52159.92,South,Credit Card
ORD02909,2025-05-13,CUST0042,P002,1,0.05,1140.0,712.71,427.29,North,Cash on Delivery
ORD02314,2025-05-13,CUST0612,P002,1,0.1,1080.0,726.76,353.24,South,UPI
ORD02877,2025-05-13,CUST0635,P004,1,0.0,42000.0,32185.09,9814.91,North,Net Banking
ORD01035,2025-05-14,CUST0797,P003,3,0.1,12150.0,9144.1,3005.9,South,Credit Card
ORD02554,2025-05-14,CUST0121,P011,1,0.05,855.0,756.12,98.88,West,Credit Card
ORD00623,2025-05-14,CUST0447,P011,4,0.05,3420.0,2586.84,833.16,West,UPI
ORD01083,2025-05-14,CUST0300,P007,1,0.1,8100.0,5059.28,3040.72,West,Debit Card
ORD01735,2025-05-14,CUST0726,P007,2,0.1,16200.0,15176.81,1023.19,South,UPI
ORD00990,2025-05-14,CUST0656,P006,2,0.0,24000.0,17941.98,6058.02,South,UPI
ORD01399,2025-05-15,CUST0381,P008,3,0.0,22500.0,16183.73,6316.27,South,UPI
ORD02115,2025-05-15,CUST0488,P007,2,0.15,15300.0,10367.84,4932.16,North,UPI
ORD00076,2025-05-15,CUST0318,P008,3,0.15,19125.0,17924.9,1200.1,West,Net Banking
ORD02029,2025-05-16,CUST0166,P005,3,0.05,79800.0,54998.78,24801.22,North,UPI
ORD02106,2025-05-16,CUST0271,P004,4,0.15,142800.0,94133.69,48666.31,East,Net Banking
ORD00236,2025-05-16,CUST0093,P008,1,0.15,6375.0,6599.18,-224.18,South,UPI
ORD02735,2025-05-17,CUST0266,P001,2,0.0,130000.0,96562.98,33437.02,West,Debit Card
ORD02136,2025-05-18,CUST0014,P008,3,0.2,18000.0,18245.25,-245.25,North,Debit Card
ORD00240,2025-05-18,CUST0404,P005,3,0.15,71400.0,51475.2,19924.8,North,Net Banking
ORD02443,2025-05-18,CUST0101,P003,2,0.0,9000.0,7517.35,1482.65,South,Net Banking
ORD01254,2025-05-18,CUST0142,P009,1,0.1,16200.0,11009.88,5190.12,West,Credit Card
ORD02745,2025-05-18,CUST0732,P003,2,0.0,9000.0,5998.18,3001.82,West,Credit Card
ORD01496,2025-05-19,CUST0413,P002,3,0.05,3420.0,3125.44,294.56,West,UPI
ORD00831,2025-05-19,CUST0432,P005,1,0.0,28000.0,17080.08,10919.92,North,Cash on Delivery
ORD01641,2025-05-19,CUST0195,P009,3,0.15,45900.0,37063.63,8836.37,North,Credit Card
ORD01082,2025-05-19,CUST0278,P006,1,0.0,12000.0,9427.21,2572.79,West,UPI
ORD02460,2025-05-19,CUST0318,P007,4,0.0,36000.0,26987.77,9012.23,West,UPI
ORD02383,2025-05-19,CUST0681,P008,4,0.15,25500.0,20740.59,4759.41,West,Credit Card
ORD02948,2025-05-19,CUST0772,P010,4,0.15,1700.0,1683.28,16.72,South,Debit Card
ORD01303,2025-05-20,CUST0587,P008,3,0.1,20250.0,14861.31,5388.69,South,UPI
ORD02177,2025-05-21,CUST0709,P002,1,0.05,1140.0,880.13,259.87,East,Net Banking
ORD02696,2025-05-21,CUST0740,P004,5,0.1,189000.0,149712.78,39287.22,South,Credit Card
ORD01404,2025-05-21,CUST0260,P005,1,0.0,28000.0,22346.94,5653.06,North,UPI
ORD00038,2025-05-21,CUST0401,P012,1,0.05,7600.0,5505.12,2094.88,East,UPI
ORD02996,2025-05-21,CUST0697,P011,2,0.0,1800.0,1351.35,448.65,North,Net Banking
ORD01427,2025-05-22,CUST0782,P012,4,0.15,27200.0,20472.19,6727.81,North,Net Banking
ORD01918,2025-05-22,CUST0496,P012,2,0.15,13600.0,12722.4,877.6,South,UPI
ORD01258,2025-05-22,CUST0800,P008,3,0.0,22500.0,16954.22,5545.78,South,UPI
ORD02658,2025-05-22,CUST0364,P009,3,0.05,51300.0,42864.99,8435.01,West,Credit Card
ORD02898,2025-05-23,CUST0099,P012,1,0.0,8000.0,5591.99,2408.01,North,Cash on Delivery
ORD02408,2025-05-23,CUST0097,P011,2,0.0,1800.0,1236.95,563.05,North,Debit Card
ORD00527,2025-05-23,CUST0714,P004,4,0.1,151200.0,100250.45,50949.55,South,Credit Card
ORD00624,2025-05-23,CUST0460,P001,1,0.05,61750.0,53216.62,8533.38,East,UPI
ORD02482,2025-05-23,CUST0073,P011,1,0.05,855.0,545.97,309.03,North,Credit Card
ORD01768,2025-05-23,CUST0558,P009,3,0.0,54000.0,37572.81,16427.19,South,Cash on Delivery
ORD02754,2025-05-23,CUST0746,P008,1,0.1,6750.0,5413.48,1336.52,North,Credit Card
ORD00757,2025-05-24,CUST0385,P009,2,0.0,36000.0,22978.75,13021.25,West,UPI
ORD00788,2025-05-24,CUST0445,P011,2,0.1,1620.0,1310.83,309.17,North,UPI
ORD02425,2025-05-25,CUST0498,P005,1,0.1,25200.0,18097.77,7102.23,West,Net Banking
ORD01826,2025-05-25,CUST0297,P011,3,0.0,2700.0,1809.02,890.98,West,UPI
ORD00289,2025-05-25,CUST0751,P006,3,0.15,30600.0,28130.61,2469.39,North,Cash on Delivery
ORD02780,2025-05-26,CUST0766,P011,1,0.1,810.0,565.0,245.0,East,UPI
ORD02292,2025-05-26,CUST0471,P001,1,0.0,65000.0,41512.15,23487.85,South,Credit Card
ORD00209,2025-05-26,CUST0014,P010,3,0.0,1500.0,1200.53,299.47,North,UPI
ORD00269,2025-05-27,CUST0640,P012,1,0.1,7200.0,5863.34,1336.66,South,Net Banking
ORD02542,2025-05-28,CUST0134,P004,1,0.1,37800.0,30893.22,6906.78,South,Net Banking
ORD01621,2025-05-28,CUST0035,P012,1,0.05,7600.0,4953.29,2646.71,South,UPI
ORD02625,2025-05-28,CUST0619,P009,1,0.15,15300.0,12230.04,3069.96,North,UPI
ORD01446,2025-05-28,CUST0181,P001,5,0.0,325000.0,251975.21,73024.79,West,UPI
ORD01200,2025-05-28,CUST0408,P004,1,0.15,35700.0,25468.75,10231.25,East,Net Banking
ORD00954,2025-05-29,CUST0586,P010,1,0.1,450.0,278.0,172.0,South,Credit Card
ORD00158,2025-05-29,CUST0304,P005,2,0.15,47600.0,48134.76,-534.76,South,UPI
ORD02420,2025-05-29,CUST0667,P002,1,0.15,1020.0,676.65,343.35,South,Debit Card
ORD00974,2025-05-29,CUST0214,P001,3,0.2,156000.0,109747.07,46252.93,South,UPI
ORD00601,2025-05-29,CUST0177,P011,4,0.05,3420.0,2102.15,1317.85,West,UPI
ORD01030,2025-05-29,CUST0071,P007,2,0.0,18000.0,10887.67,7112.33,West,Debit Card
ORD02496,2025-05-29,CUST0079,P004,3,0.05,119700.0,84234.44,35465.56,West,Debit Card
ORD01027,2025-05-30,CUST0663,P003,4,0.0,18000.0,13112.42,4887.58,West,Debit Card
ORD01371,2025-05-30,CUST0610,P003,1,0.15,3825.0,2744.64,1080.36,North,Credit Card
ORD00197,2025-05-30,CUST0709,P008,1,0.1,6750.0,4807.96,1942.04,East,Credit Card
ORD02154,2025-05-30,CUST0784,P002,1,0.05,1140.0,910.23,229.77,West,UPI
ORD00014,2025-05-30,CUST0048,P007,1,0.15,7650.0,6457.71,1192.29,South,Credit Card
ORD01777,2025-05-31,CUST0065,P007,2,0.0,18000.0,11476.04,6523.96,South,Credit Card
ORD02566,2025-05-31,CUST0561,P008,5,0.05,35625.0,30782.94,4842.06,South,UPI
ORD00711,2025-05-31,CUST0712,P005,5,0.05,133000.0,121304.29,11695.71,South,Net Banking
ORD01794,2025-05-31,CUST0303,P005,1,0.0,28000.0,23867.21,4132.79,North,Debit Card
ORD00333,2025-05-31,CUST0039,P005,3,0.0,84000.0,72251.76,11748.24,North,Credit Card
ORD00610,2025-05-31,CUST0228,P007,1,0.0,9000.0,7418.11,1581.89,North,Debit Card
ORD01199,2025-05-31,CUST0676,P002,1,0.1,1080.0,676.99,403.01,South,UPI
ORD00561,2025-05-31,CUST0683,P009,3,0.0,54000.0,34377.92,19622.08,North,UPI
ORD02607,2025-06-01,CUST0356,P010,3,0.2,1200.0,1124.1,75.9,North,UPI
ORD02973,2025-06-01,CUST0294,P001,2,0.15,110500.0,88624.85,21875.15,South,Credit Card
ORD02226,2025-06-01,CUST0189,P004,1,0.1,37800.0,28325.72,9474.28,South,Credit Card
ORD02546,2025-06-02,CUST0233,P006,1,0.1,10800.0,9086.02,1713.98,South,UPI
ORD00750,2025-06-02,CUST0564,P007,1,0.15,7650.0,6977.27,672.73,South,UPI
ORD01146,2025-06-02,CUST0795,P002,2,0.05,2280.0,1756.58,523.42,South,UPI
ORD02119,2025-06-02,CUST0222,P001,2,0.05,123500.0,113506.67,9993.33,East,Debit Card
ORD02228,2025-06-03,CUST0079,P009,2,0.1,32400.0,29178.17,3221.83,West,UPI
ORD01582,2025-06-03,CUST0450,P001,1,0.1,58500.0,51906.2,6593.8,South,Debit Card
ORD01775,2025-06-03,CUST0085,P001,4,0.15,221000.0,194824.74,26175.26,East,Debit Card
ORD00224,2025-06-03,CUST0511,P008,5,0.05,35625.0,27985.94,7639.06,South,UPI
ORD02270,2025-06-03,CUST0697,P011,1,0.0,900.0,687.37,212.63,North,Credit Card
ORD00055,2025-06-03,CUST0616,P010,5,0.1,2250.0,2154.57,95.43,West,Net Banking
ORD01283,2025-06-03,CUST0800,P009,1,0.15,15300.0,15473.72,-173.72,South,UPI
ORD00860,2025-06-03,CUST0136,P009,4,0.2,57600.0,52080.21,5519.79,North,Credit Card
ORD00073,2025-06-04,CUST0371,P010,1,0.1,450.0,278.31,171.69,North,Credit Card
ORD02455,2025-06-04,CUST0657,P006,1,0.0,12000.0,9706.08,2293.92,East,UPI
ORD00484,2025-06-04,CUST0273,P008,1,0.15,6375.0,4377.97,1997.03,South,Net Banking
ORD00895,2025-06-05,CUST0006,P001,2,0.15,110500.0,93855.28,16644.72,East,Credit Card
ORD02238,2025-06-06,CUST0618,P012,1,0.1,7200.0,5790.11,1409.89,North,Debit Card
ORD00894,2025-06-06,CUST0093,P012,2,0.05,15200.0,12791.77,2408.23,South,Net Banking
ORD00523,2025-06-06,CUST0628,P006,2,0.0,24000.0,17119.94,6880.06,North,Debit Card
ORD02019,2025-06-06,CUST0439,P007,3,0.1,24300.0,23464.65,835.35,West,Debit Card
ORD01798,2025-06-07,CUST0135,P010,1,0.0,500.0,387.69,112.31,North,Credit Card
ORD00044,2025-06-07,CUST0485,P011,2,0.05,1710.0,1093.62,616.38,North,Debit Card
ORD01292,2025-06-07,CUST0409,P007,1,0.05,8550.0,6332.82,2217.18,South,Cash on Delivery
ORD00164,2025-06-07,CUST0114,P007,1,0.0,9000.0,6169.71,2830.29,South,Credit Card
ORD02528,2025-06-08,CUST0302,P004,3,0.05,119700.0,98357.66,21342.34,South,UPI
ORD02070,2025-06-08,CUST0575,P009,3,0.15,45900.0,39456.24,6443.76,North,Credit Card
ORD02081,2025-06-08,CUST0003,P007,3,0.05,25650.0,15113.68,10536.32,West,Debit Card
ORD01029,2025-06-09,CUST0782,P002,1,0.05,1140.0,749.21,390.79,North,Net Banking
ORD00753,2025-06-09,CUST0278,P005,2,0.0,56000.0,42991.78,13008.22,West,Debit Card
ORD00229,2025-06-09,CUST0193,P002,2,0.1,2160.0,1594.8,565.2,East,Net Banking
ORD02589,2025-06-09,CUST0596,P012,5,0.2,32000.0,32742.19,-742.19,West,Debit Card
ORD00663,2025-06-09,CUST0162,P010,1,0.2,400.0,338.71,61.29,East,Net Banking
ORD00041,2025-06-10,CUST0789,P012,1,0.0,8000.0,5987.26,2012.74,South,Credit Card
ORD00067,2025-06-10,CUST0336,P005,1,0.05,26600.0,23554.76,3045.24,North,UPI
ORD01488,2025-06-10,CUST0756,P002,4,0.0,4800.0,3605.81,1194.19,South,UPI
ORD02442,2025-06-11,CUST0537,P009,2,0.15,30600.0,23097.04,7502.96,West,Credit Card
ORD02122,2025-06-11,CUST0001,P010,1,0.1,450.0,378.17,71.83,North,UPI
ORD01903,2025-06-11,CUST0788,P005,1,0.1,25200.0,24027.8,1172.2,North,Cash on Delivery
ORD02045,2025-06-11,CUST0327,P001,2,0.0,130000.0,97896.42,32103.58,South,UPI
ORD02731,2025-06-11,CUST0051,P007,2,0.05,17100.0,11472.49,5627.51,South,UPI
ORD01800,2025-06-12,CUST0432,P006,1,0.0,12000.0,7515.28,4484.72,North,Credit Card
ORD01193,2025-06-12,CUST0039,P008,3,0.05,21375.0,13744.42,7630.58,North,UPI
ORD02932,2025-06-12,CUST0396,P006,1,0.0,12000.0,8257.0,3743.0,North,Debit Card
ORD01553,2025-06-12,CUST0541,P002,1,0.0,1200.0,872.65,327.35,South,UPI
ORD02167,2025-06-12,CUST0593,P002,1,0.0,1200.0,974.57,225.43,West,UPI
ORD00221,2025-06-13,CUST0343,P001,5,0.0,325000.0,237044.25,87955.75,West,Debit Card
ORD02777,2025-06-13,CUST0758,P006,2,0.05,22800.0,15510.06,7289.94,East,Debit Card
ORD00917,2025-06-13,CUST0726,P009,4,0.05,68400.0,42070.93,26329.07,South,Credit Card
ORD00542,2025-06-14,CUST0098,P008,3,0.0,22500.0,17551.86,4948.14,East,Credit Card
ORD00499,2025-06-14,CUST0497,P011,3,0.15,2295.0,1606.13,688.87,West,UPI
ORD01223,2025-06-15,CUST0036,P009,1,0.05,17100.0,10154.13,6945.87,East,UPI
ORD02985,2025-06-15,CUST0239,P010,1,0.0,500.0,376.88,123.12,North,UPI
ORD00699,2025-06-15,CUST0091,P012,1,0.2,6400.0,6704.74,-304.74,West,Credit Card
ORD00200,2025-06-15,CUST0563,P006,2,0.1,21600.0,16273.18,5326.82,South,Cash on Delivery
ORD01933,2025-06-16,CUST0549,P007,1,0.0,9000.0,6099.25,2900.75,West,Credit Card
ORD02024,2025-06-16,CUST0383,P004,1,0.2,33600.0,24879.24,8720.76,South,Credit Card
ORD01297,2025-06-16,CUST0601,P010,1,0.1,450.0,380.71,69.29,South,Debit Card
ORD01755,2025-06-16,CUST0483,P010,2,0.1,900.0,707.76,192.24,South,Credit Card
ORD01143,2025-06-16,CUST0012,P004,1,0.15,35700.0,29924.81,5775.19,West,UPI
ORD01494,2025-06-16,CUST0156,P012,1,0.0,8000.0,5866.5,2133.5,North,UPI
ORD01375,2025-06-16,CUST0742,P012,1,0.15,6800.0,4423.29,2376.71,South,Credit Card
ORD02066,2025-06-16,CUST0553,P007,1,0.0,9000.0,6829.33,2170.67,North,Credit Card
ORD02972,2025-06-17,CUST0446,P009,2,0.1,32400.0,22543.84,9856.16,North,UPI
ORD00934,2025-06-17,CUST0530,P010,2,0.05,950.0,591.78,358.22,South,Credit Card
ORD01886,2025-06-18,CUST0479,P003,1,0.15,3825.0,2640.78,1184.22,East,Debit Card
ORD02814,2025-06-18,CUST0182,P011,4,0.0,3600.0,3163.09,436.91,North,UPI
ORD02395,2025-06-19,CUST0270,P001,3,0.0,195000.0,163978.15,31021.85,West,Net Banking
ORD02018,2025-06-19,CUST0126,P005,1,0.0,28000.0,21042.12,6957.88,West,UPI
ORD01036,2025-06-19,CUST0195,P011,2,0.1,1620.0,1447.64,172.36,North,Net Banking
ORD01014,2025-06-19,CUST0017,P002,3,0.05,3420.0,2485.39,934.61,East,UPI
ORD02394,2025-06-19,CUST0573,P005,4,0.0,112000.0,75168.54,36831.46,South,UPI
ORD02092,2025-06-19,CUST0415,P009,1,0.1,16200.0,11929.71,4270.29,West,UPI
ORD00064,2025-06-19,CUST0300,P012,3,0.1,21600.0,17715.22,3884.78,West,UPI
ORD01307,2025-06-20,CUST0730,P008,3,0.0,22500.0,15886.48,6613.52,West,Credit Card
ORD02934,2025-06-20,CUST0281,P007,2,0.05,17100.0,13099.88,4000.12,West,UPI
ORD00165,2025-06-20,CUST0433,P001,2,0.2,104000.0,83497.47,20502.53,East,Debit Card
ORD00673,2025-06-20,CUST0129,P001,1,0.0,65000.0,36778.0,28222.0,West,Net Banking
ORD00689,2025-06-20,CUST0250,P002,1,0.05,1140.0,824.65,315.35,West,Credit Card
ORD02432,2025-06-20,CUST0013,P011,2,0.0,1800.0,1359.64,440.36,North,UPI
ORD00345,2025-06-21,CUST0338,P004,1,0.05,39900.0,35376.66,4523.34,West,Net Banking
ORD00010,2025-06-21,CUST0482,P007,1,0.0,9000.0,6245.72,2754.28,South,Credit Card
ORD00441,2025-06-22,CUST0738,P011,2,0.1,1620.0,1359.65,260.35,West,Cash on Delivery
ORD00563,2025-06-22,CUST0481,P008,1,0.1,6750.0,6544.73,205.27,North,UPI
ORD00048,2025-06-22,CUST0682,P007,2,0.1,16200.0,14593.58,1606.42,South,Credit Card
ORD00027,2025-06-22,CUST0485,P005,1,0.1,25200.0,17101.98,8098.02,North,Debit Card
ORD02031,2025-06-23,CUST0078,P004,2,0.0,84000.0,48246.53,35753.47,South,UPI
ORD01502,2025-06-23,CUST0031,P009,1,0.15,15300.0,11017.6,4282.4,East,Credit Card
ORD02164,2025-06-23,CUST0597,P008,1,0.05,7125.0,4660.82,2464.18,South,Credit Card
ORD02884,2025-06-23,CUST0671,P002,1,0.15,1020.0,1041.36,-21.36,South,UPI
ORD00853,2025-06-23,CUST0429,P009,1,0.1,16200.0,10958.49,5241.51,West,Net Banking
ORD02061,2025-06-23,CUST0731,P001,1,0.05,61750.0,37147.94,24602.06,South,Debit Card
ORD01616,2025-06-23,CUST0387,P006,2,0.05,22800.0,18768.86,4031.14,West,Credit Card
ORD00936,2025-06-24,CUST0251,P012,1,0.0,8000.0,6824.49,1175.51,South,Cash on Delivery
ORD02938,2025-06-24,CUST0101,P009,1,0.1,16200.0,14792.96,1407.04,South,Debit Card
ORD02093,2025-06-24,CUST0095,P008,4,0.1,27000.0,19242.2,7757.8,South,UPI
ORD01865,2025-06-25,CUST0439,P010,2,0.0,1000.0,877.83,122.17,West,UPI
ORD02430,2025-06-25,CUST0114,P011,1,0.0,900.0,648.56,251.44,South,UPI
ORD02963,2025-06-25,CUST0730,P007,1,0.1,8100.0,5985.47,2114.53,West,Credit Card
ORD01718,2025-06-25,CUST0111,P007,3,0.15,22950.0,18609.86,4340.14,South,Credit Card
ORD01403,2025-06-25,CUST0630,P003,4,0.15,15300.0,11356.21,3943.79,South,Net Banking
ORD01049,2025-06-25,CUST0660,P003,3,0.0,13500.0,10712.05,2787.95,South,Credit Card
ORD00603,2025-06-25,CUST0676,P010,2,0.1,900.0,622.94,277.06,South,UPI
ORD00698,2025-06-26,CUST0471,P003,1,0.05,4275.0,2935.02,1339.98,South,Credit Card
ORD01116,2025-06-26,CUST0129,P001,3,0.2,156000.0,158246.57,-2246.57,West,Credit Card
ORD01943,2025-06-27,CUST0615,P002,1,0.15,1020.0,882.79,137.21,West,UPI
ORD00093,2025-06-27,CUST0790,P001,1,0.05,61750.0,53602.01,8147.99,West,Debit Card
ORD01290,2025-06-27,CUST0326,P007,2,0.0,18000.0,12958.94,5041.06,South,UPI
ORD02508,2025-06-27,CUST0338,P002,3,0.05,3420.0,2786.54,633.46,West,UPI
ORD02822,2025-06-27,CUST0250,P007,3,0.0,27000.0,23649.39,3350.61,West,UPI
ORD00911,2025-06-27,CUST0651,P002,1,0.0,1200.0,683.79,516.21,South,UPI
ORD00790,2025-06-29,CUST0509,P005,1,0.15,23800.0,20144.03,3655.97,East,Debit Card
ORD02313,2025-06-29,CUST0065,P007,3,0.0,27000.0,17009.98,9990.02,South,UPI
ORD01343,2025-06-29,CUST0441,P002,1,0.0,1200.0,711.71,488.29,South,Cash on Delivery
ORD02835,2025-06-30,CUST0016,P001,5,0.05,308750.0,202016.08,106733.92,South,Debit Card
ORD01401,2025-06-30,CUST0566,P009,4,0.1,64800.0,60121.43,4678.57,East,UPI
ORD01853,2025-06-30,CUST0345,P011,1,0.0,900.0,664.26,235.74,South,Credit Card
ORD01094,2025-06-30,CUST0384,P004,1,0.15,35700.0,30570.01,5129.99,South,Credit Card
ORD01882,2025-06-30,CUST0600,P003,2,0.05,8550.0,5275.7,3274.3,South,Net Banking
ORD01119,2025-07-01,CUST0327,P001,3,0.0,195000.0,158793.44,36206.56,South,Credit Card
ORD00585,2025-07-01,CUST0063,P004,4,0.0,168000.0,113905.12,54094.88,South,UPI
ORD02825,2025-07-01,CUST0108,P007,2,0.0,18000.0,12133.96,5866.04,West,UPI
ORD02290,2025-07-01,CUST0294,P007,2,0.15,15300.0,11260.41,4039.59,South,Debit Card
ORD00181,2025-07-02,CUST0573,P002,1,0.05,1140.0,862.38,277.62,South,Cash on Delivery
ORD01722,2025-07-02,CUST0147,P007,1,0.1,8100.0,7360.33,739.67,South,UPI
ORD01551,2025-07-02,CUST0405,P005,1,0.1,25200.0,23621.73,1578.27,North,Net Banking
ORD02760,2025-07-02,CUST0180,P001,1,0.0,65000.0,49288.49,15711.51,North,Net Banking
ORD01873,2025-07-02,CUST0070,P005,2,0.2,44800.0,41114.45,3685.55,South,UPI
ORD01871,2025-07-02,CUST0021,P002,3,0.15,3060.0,2132.08,927.92,South,Credit Card
ORD02774,2025-07-02,CUST0226,P008,3,0.1,20250.0,18737.99,1512.01,South,Net Banking
ORD02738,2025-07-03,CUST0248,P010,3,0.1,1350.0,1024.34,325.66,North,UPI
ORD00863,2025-07-03,CUST0171,P009,1,0.0,18000.0,12483.58,5516.42,South,Debit Card
ORD00622,2025-07-03,CUST0609,P005,2,0.05,53200.0,40215.81,12984.19,West,Debit Card
ORD01396,2025-07-03,CUST0720,P005,4,0.0,112000.0,86255.5,25744.5,East,Debit Card
ORD01495,2025-07-03,CUST0508,P005,1,0.05,26600.0,16385.49,10214.51,South,Credit Card
ORD02441,2025-07-04,CUST0074,P010,2,0.0,1000.0,649.72,350.28,North,Debit Card
ORD01615,2025-07-04,CUST0123,P001,2,0.05,123500.0,102153.84,21346.16,East,UPI
ORD01557,2025-07-04,CUST0117,P006,2,0.1,21600.0,16387.25,5212.75,North,Cash on Delivery
ORD01383,2025-07-04,CUST0376,P007,2,0.1,16200.0,15235.43,964.57,North,Debit Card
ORD00222,2025-07-05,CUST0425,P002,5,0.05,5700.0,4341.04,1358.96,South,UPI
ORD02366,2025-07-05,CUST0185,P001,3,0.05,185250.0,114485.54,70764.46,South,Credit Card
ORD00734,2025-07-05,CUST0108,P004,1,0.0,42000.0,23474.01,18525.99,West,Cash on Delivery
ORD00234,2025-07-06,CUST0754,P011,1,0.05,855.0,651.56,203.44,North,Debit Card
ORD00103,2025-07-06,CUST0161,P006,5,0.0,60000.0,39061.74,20938.26,North,Credit Card
ORD02032,2025-07-06,CUST0602,P012,4,0.1,28800.0,25397.02,3402.98,West,Cash on Delivery
ORD02376,2025-07-06,CUST0547,P012,1,0.0,8000.0,6135.73,1864.27,North,Debit Card
ORD02638,2025-07-06,CUST0293,P003,1,0.2,3600.0,3707.97,-107.97,South,Credit Card
ORD01552,2025-07-06,CUST0759,P009,1,0.1,16200.0,13010.54,3189.46,West,UPI
ORD00139,2025-07-06,CUST0652,P009,1,0.05,17100.0,11281.83,5818.17,South,Credit Card
ORD01270,2025-07-07,CUST0372,P001,3,0.0,195000.0,165595.06,29404.94,South,Credit Card
ORD00546,2025-07-07,CUST0783,P005,1,0.05,26600.0,17762.13,8837.87,West,Debit Card
ORD00799,2025-07-07,CUST0709,P009,3,0.0,54000.0,37172.76,16827.24,East,UPI
ORD01747,2025-07-07,CUST0253,P001,2,0.05,123500.0,93413.72,30086.28,West,UPI
ORD00534,2025-07-07,CUST0417,P010,1,0.2,400.0,339.14,60.86,North,Credit Card
ORD00797,2025-07-07,CUST0060,P002,3,0.05,3420.0,2206.64,1213.36,North,Net Banking
ORD01244,2025-07-07,CUST0661,P006,1,0.0,12000.0,10089.9,1910.1,South,Debit Card
ORD02534,2025-07-08,CUST0266,P005,2,0.15,47600.0,32342.2,15257.8,West,UPI
ORD01540,2025-07-08,CUST0766,P004,1,0.0,42000.0,34602.72,7397.28,East,Net Banking
ORD02124,2025-07-08,CUST0446,P008,1,0.1,6750.0,5444.52,1305.48,North,Credit Card
ORD01136,2025-07-09,CUST0531,P005,2,0.0,56000.0,31029.33,24970.67,South,Net Banking
ORD00281,2025-07-09,CUST0088,P012,2,0.05,15200.0,13753.26,1446.74,North,Credit Card
ORD01565,2025-07-10,CUST0135,P009,2,0.0,36000.0,22047.8,13952.2,North,UPI
ORD02983,2025-07-10,CUST0247,P008,2,0.1,13500.0,12961.28,538.72,North,Credit Card
ORD01707,2025-07-10,CUST0709,P002,1,0.0,1200.0,1039.6,160.4,East,UPI
ORD01395,2025-07-11,CUST0600,P007,1,0.0,9000.0,5520.62,3479.38,South,Credit Card
ORD01564,2025-07-11,CUST0259,P002,3,0.1,3240.0,2247.96,992.04,East,Credit Card
ORD02213,2025-07-11,CUST0464,P010,1,0.05,475.0,276.85,198.15,North,Net Banking
ORD02855,2025-07-11,CUST0040,P003,1,0.0,4500.0,3689.4,810.6,West,UPI
ORD02381,2025-07-11,CUST0609,P009,1,0.15,15300.0,12603.79,2696.21,West,UPI
ORD00066,2025-07-11,CUST0207,P007,1,0.0,9000.0,6963.65,2036.35,South,Credit Card
ORD01797,2025-07-11,CUST0682,P009,2,0.2,28800.0,28445.74,354.26,South,Credit Card
ORD02080,2025-07-11,CUST0224,P011,2,0.0,1800.0,1428.82,371.18,South,Credit Card
ORD01787,2025-07-12,CUST0658,P004,2,0.15,71400.0,71831.23,-431.23,West,UPI
ORD01075,2025-07-12,CUST0288,P001,5,0.1,292500.0,266572.19,25927.81,South,Debit Card
ORD01679,2025-07-12,CUST0555,P004,3,0.0,126000.0,101808.92,24191.08,North,UPI
ORD02579,2025-07-12,CUST0457,P001,3,0.2,156000.0,154004.06,1995.94,West,Credit Card
ORD01487,2025-07-12,CUST0292,P005,2,0.0,56000.0,37676.78,18323.22,West,Credit Card
ORD01266,2025-07-12,CUST0610,P010,2,0.0,1000.0,554.94,445.06,North,Net Banking
ORD02889,2025-07-12,CUST0256,P011,3,0.05,2565.0,2113.99,451.01,West,Debit Card
ORD02196,2025-07-12,CUST0132,P003,1,0.0,4500.0,3782.24,717.76,South,UPI
ORD00477,2025-07-12,CUST0639,P009,1,0.0,18000.0,11747.61,6252.39,South,Debit Card
ORD02461,2025-07-13,CUST0649,P010,2,0.0,1000.0,590.21,409.79,North,UPI
ORD01665,2025-07-13,CUST0465,P008,1,0.1,6750.0,4296.15,2453.85,South,Debit Card
ORD00811,2025-07-13,CUST0146,P007,1,0.05,8550.0,5277.93,3272.07,West,UPI
ORD02969,2025-07-13,CUST0758,P011,5,0.0,4500.0,2737.1,1762.9,East,Debit Card
ORD02669,2025-07-13,CUST0516,P009,1,0.0,18000.0,10748.4,7251.6,West,UPI
ORD02653,2025-07-13,CUST0526,P011,2,0.0,1800.0,1087.09,712.91,West,UPI
ORD02246,2025-07-13,CUST0494,P010,1,0.05,475.0,338.93,136.07,West,Cash on Delivery
ORD02914,2025-07-13,CUST0568,P004,2,0.15,71400.0,72986.76,-1586.76,East,Debit Card
ORD01973,2025-07-14,CUST0325,P006,1,0.1,10800.0,8763.83,2036.17,West,Credit Card
ORD00651,2025-07-14,CUST0195,P001,1,0.1,58500.0,45532.64,12967.36,North,Debit Card
ORD01219,2025-07-14,CUST0314,P007,4,0.1,32400.0,26120.32,6279.68,West,Credit Card
ORD00559,2025-07-14,CUST0139,P011,1,0.0,900.0,677.14,222.86,East,Credit Card
ORD00510,2025-07-14,CUST0608,P006,1,0.0,12000.0,8042.07,3957.93,South,Credit Card
ORD00873,2025-07-14,CUST0125,P008,2,0.15,12750.0,9170.46,3579.54,West,UPI
ORD02499,2025-07-14,CUST0247,P011,1,0.15,765.0,673.29,91.71,North,UPI
ORD01463,2025-07-15,CUST0391,P004,1,0.2,33600.0,35876.89,-2276.89,South,Credit Card
ORD00568,2025-07-15,CUST0424,P006,1,0.05,11400.0,8963.03,2436.97,North,Credit Card
ORD00202,2025-07-15,CUST0780,P003,1,0.05,4275.0,2913.44,1361.56,South,Net Banking
ORD00059,2025-07-15,CUST0386,P012,2,0.15,13600.0,12244.39,1355.61,West,Net Banking
ORD00941,2025-07-15,CUST0125,P003,1,0.0,4500.0,3248.25,1251.75,West,Debit Card
ORD01751,2025-07-16,CUST0410,P011,3,0.1,2430.0,1766.6,663.4,North,UPI
ORD00854,2025-07-16,CUST0284,P003,1,0.1,4050.0,2536.34,1513.66,South,UPI
ORD02469,2025-07-16,CUST0341,P004,2,0.1,75600.0,72212.9,3387.1,East,UPI
ORD01714,2025-07-16,CUST0175,P010,1,0.0,500.0,344.05,155.95,East,Cash on Delivery
ORD01092,2025-07-16,CUST0478,P007,2,0.1,16200.0,11826.04,4373.96,East,Credit Card
ORD01611,2025-07-16,CUST0443,P008,2,0.0,15000.0,9811.96,5188.04,North,Debit Card
ORD00439,2025-07-17,CUST0237,P010,2,0.1,900.0,753.12,146.88,West,Net Banking
ORD00791,2025-07-17,CUST0795,P010,1,0.05,475.0,302.06,172.94,South,Net Banking
ORD01950,2025-07-17,CUST0735,P003,5,0.15,19125.0,13026.59,6098.41,South,Credit Card
ORD02190,2025-07-17,CUST0609,P010,5,0.05,2375.0,1510.06,864.94,West,Net Banking
ORD01928,2025-07-18,CUST0298,P007,1,0.15,7650.0,5323.37,2326.63,South,Debit Card
ORD02076,2025-07-18,CUST0739,P006,2,0.15,20400.0,14720.35,5679.65,North,UPI
ORD02560,2025-07-18,CUST0765,P006,3,0.1,32400.0,27101.95,5298.05,South,UPI
ORD02206,2025-07-19,CUST0106,P011,2,0.05,1710.0,1334.77,375.23,North,UPI
ORD02410,2025-07-19,CUST0627,P006,1,0.1,10800.0,8886.13,1913.87,East,UPI
ORD01845,2025-07-19,CUST0702,P011,3,0.05,2565.0,1994.87,570.13,South,UPI
ORD01949,2025-07-19,CUST0197,P012,2,0.15,13600.0,9910.29,3689.71,East,Credit Card
ORD00995,2025-07-19,CUST0239,P012,1,0.0,8000.0,5919.75,2080.25,North,Net Banking
ORD01924,2025-07-20,CUST0267,P007,2,0.05,17100.0,13947.56,3152.44,West,Credit Card
ORD01265,2025-07-20,CUST0556,P003,2,0.2,7200.0,5932.19,1267.81,South,Net Banking
ORD02823,2025-07-20,CUST0255,P010,4,0.05,1900.0,1338.18,561.82,North,UPI
ORD02299,2025-07-20,CUST0482,P005,1,0.05,26600.0,17322.66,9277.34,South,UPI
ORD00170,2025-07-20,CUST0235,P006,2,0.15,20400.0,18697.0,1703.0,South,Credit Card
ORD02762,2025-07-21,CUST0343,P001,1,0.2,52000.0,54847.2,-2847.2,West,Debit Card
ORD02003,2025-07-21,CUST0500,P010,1,0.1,450.0,438.12,11.88,South,Credit Card
ORD01677,2025-07-21,CUST0190,P007,3,0.15,22950.0,23073.94,-123.94,West,UPI
ORD02599,2025-07-22,CUST0784,P011,1,0.05,855.0,759.89,95.11,West,Debit Card
ORD02195,2025-07-22,CUST0216,P011,4,0.0,3600.0,2028.7,1571.3,South,Net Banking
ORD01115,2025-07-22,CUST0088,P011,5,0.0,4500.0,3620.31,879.69,North,UPI
ORD02567,2025-07-22,CUST0140,P003,2,0.1,8100.0,5479.05,2620.95,South,UPI
ORD02765,2025-07-23,CUST0576,P001,3,0.1,175500.0,169028.09,6471.91,East,Credit Card
ORD00009,2025-07-23,CUST0124,P002,3,0.05,3420.0,2382.94,1037.06,West,Cash on Delivery
ORD02608,2025-07-23,CUST0278,P006,2,0.1,21600.0,15886.19,5713.81,West,Credit Card
ORD00040,2025-07-23,CUST0727,P009,2,0.05,34200.0,30875.79,3324.21,West,UPI
ORD01304,2025-07-24,CUST0566,P011,2,0.0,1800.0,1536.22,263.78,East,UPI
ORD02168,2025-07-24,CUST0325,P005,1,0.05,26600.0,21432.04,5167.96,West,Net Banking
ORD01214,2025-07-24,CUST0622,P012,1,0.15,6800.0,4779.74,2020.26,South,UPI
ORD02449,2025-07-24,CUST0429,P010,5,0.05,2375.0,1757.96,617.04,West,Debit Card
ORD02262,2025-07-24,CUST0065,P010,1,0.15,425.0,377.46,47.54,South,Debit Card
ORD01554,2025-07-24,CUST0161,P011,1,0.05,855.0,586.75,268.25,North,Credit Card
ORD02997,2025-07-25,CUST0367,P012,2,0.1,14400.0,10562.39,3837.61,North,Cash on Delivery
ORD01324,2025-07-25,CUST0188,P004,2,0.0,84000.0,58906.99,25093.01,South,Credit Card
ORD00810,2025-07-25,CUST0754,P012,3,0.0,24000.0,20597.24,3402.76,North,UPI
ORD01184,2025-07-26,CUST0424,P002,1,0.0,1200.0,880.56,319.44,North,Debit Card
ORD01185,2025-07-26,CUST0073,P004,2,0.1,75600.0,49899.76,25700.24,North,UPI
ORD01517,2025-07-26,CUST0268,P007,3,0.1,24300.0,22624.97,1675.03,South,UPI
ORD01899,2025-07-26,CUST0611,P001,2,0.15,110500.0,99429.33,11070.67,South,UPI
ORD02788,2025-07-26,CUST0177,P010,1,0.1,450.0,276.26,173.74,West,UPI
ORD01084,2025-07-26,CUST0589,P005,1,0.1,25200.0,18891.66,6308.34,West,UPI
ORD02210,2025-07-26,CUST0700,P011,2,0.05,1710.0,1183.5,526.5,North,Net Banking
ORD02602,2025-07-27,CUST0556,P012,1,0.2,6400.0,5675.75,724.25,South,UPI
ORD00748,2025-07-27,CUST0247,P012,1,0.05,7600.0,5852.8,1747.2,North,Debit Card
ORD02994,2025-07-27,CUST0474,P010,1,0.15,425.0,405.21,19.79,West,Debit Card
ORD01635,2025-07-27,CUST0597,P005,2,0.05,53200.0,40530.18,12669.82,South,Credit Card
ORD00760,2025-07-27,CUST0490,P002,2,0.1,2160.0,1341.54,818.46,South,Debit Card
ORD02217,2025-07-27,CUST0625,P001,1,0.05,61750.0,48037.98,13712.02,North,Net Banking
ORD02931,2025-07-27,CUST0522,P002,1,0.15,1020.0,750.81,269.19,South,Net Banking
ORD01831,2025-07-28,CUST0075,P006,1,0.05,11400.0,9355.62,2044.38,North,Net Banking
ORD02498,2025-07-28,CUST0783,P010,3,0.2,1200.0,1060.09,139.91,West,Debit Card
ORD00361,2025-07-28,CUST0266,P011,1,0.0,900.0,674.98,225.02,West,Cash on Delivery
ORD01295,2025-07-28,CUST0508,P006,1,0.0,12000.0,8343.82,3656.18,South,Debit Card
ORD02721,2025-07-28,CUST0246,P001,2,0.1,117000.0,80580.68,36419.32,East,Credit Card
ORD00271,2025-07-29,CUST0628,P002,1,0.15,1020.0,1028.34,-8.34,North,Net Banking
ORD01690,2025-07-29,CUST0672,P011,1,0.05,855.0,500.44,354.56,South,UPI
ORD01461,2025-07-29,CUST0650,P010,1,0.0,500.0,321.87,178.13,North,Cash on Delivery
ORD01198,2025-07-30,CUST0636,P011,2,0.2,1440.0,1363.31,76.69,North,Cash on Delivery
ORD01990,2025-07-30,CUST0612,P001,2,0.05,123500.0,79933.58,43566.42,South,Debit Card
ORD00668,2025-07-31,CUST0132,P008,2,0.05,14250.0,11724.46,2525.54,South,Cash on Delivery
ORD00210,2025-07-31,CUST0715,P011,3,0.0,2700.0,2042.67,657.33,South,UPI
ORD00629,2025-07-31,CUST0137,P009,1,0.15,15300.0,11867.9,3432.1,South,Net Banking
ORD01705,2025-08-01,CUST0429,P001,5,0.0,325000.0,202601.48,122398.52,West,Debit Card
ORD01370,2025-08-01,CUST0523,P010,2,0.1,900.0,718.49,181.51,East,Debit Card
ORD01867,2025-08-01,CUST0546,P006,1,0.0,12000.0,7245.96,4754.04,North,Credit Card
ORD01505,2025-08-01,CUST0529,P012,1,0.1,7200.0,5290.77,1909.23,East,Net Banking
ORD02351,2025-08-02,CUST0097,P004,2,0.1,75600.0,58833.6,16766.4,North,Credit Card
ORD00691,2025-08-02,CUST0025,P009,1,0.15,15300.0,14265.88,1034.12,West,Cash on Delivery
ORD00496,2025-08-02,CUST0699,P002,4,0.1,4320.0,3524.62,795.38,South,Net Banking
ORD02244,2025-08-02,CUST0193,P002,2,0.1,2160.0,1707.13,452.87,East,Credit Card
ORD00543,2025-08-02,CUST0720,P005,1,0.05,26600.0,17316.36,9283.64,East,Cash on Delivery
ORD00824,2025-08-03,CUST0751,P009,3,0.0,54000.0,44685.28,9314.72,North,UPI
ORD02404,2025-08-03,CUST0670,P007,3,0.05,25650.0,22863.27,2786.73,South,Credit Card
ORD01096,2025-08-03,CUST0441,P001,1,0.1,58500.0,51632.97,6867.03,South,UPI
ORD01165,2025-08-03,CUST0303,P002,1,0.2,960.0,780.25,179.75,North,Cash on Delivery
ORD00508,2025-08-03,CUST0286,P009,5,0.0,90000.0,77369.85,12630.15,West,UPI
ORD01805,2025-08-04,CUST0649,P012,1,0.1,7200.0,5198.67,2001.33,North,Net Banking
ORD02241,2025-08-04,CUST0582,P009,1,0.05,17100.0,11938.9,5161.1,South,Credit Card
ORD01799,2025-08-04,CUST0050,P004,2,0.0,84000.0,71242.25,12757.75,West,UPI
ORD01103,2025-08-04,CUST0187,P007,2,0.1,16200.0,12824.0,3376.0,South,UPI
ORD02491,2025-08-04,CUST0559,P009,2,0.0,36000.0,28774.89,7225.11,West,UPI
ORD01135,2025-08-04,CUST0108,P005,2,0.05,53200.0,48138.94,5061.06,West,Credit Card
ORD01026,2025-08-05,CUST0613,P001,2,0.05,123500.0,110166.77,13333.23,West,Credit Card
ORD00464,2025-08-05,CUST0345,P010,2,0.0,1000.0,799.44,200.56,South,UPI
ORD02620,2025-08-05,CUST0019,P002,3,0.05,3420.0,2116.93,1303.07,West,UPI
ORD01511,2025-08-06,CUST0542,P004,3,0.15,107100.0,106805.27,294.73,West,Debit Card
ORD01571,2025-08-06,CUST0186,P007,1,0.0,9000.0,6786.32,2213.68,North,UPI
ORD00490,2025-08-06,CUST0686,P011,1,0.0,900.0,618.75,281.25,North,Net Banking
ORD02896,2025-08-06,CUST0284,P008,1,0.05,7125.0,4844.18,2280.82,South,Net Banking
ORD00971,2025-08-06,CUST0523,P001,4,0.0,260000.0,165862.25,94137.75,East,Debit Card
ORD00049,2025-08-06,CUST0445,P010,3,0.2,1200.0,1222.06,-22.06,North,Debit Card
ORD00080,2025-08-06,CUST0062,P004,5,0.05,199500.0,145535.51,53964.49,South,UPI
ORD01894,2025-08-06,CUST0154,P001,1,0.1,58500.0,51674.07,6825.93,East,Credit Card
ORD00367,2025-08-07,CUST0446,P012,1,0.0,8000.0,6799.52,1200.48,North,UPI
ORD00362,2025-08-07,CUST0424,P007,1,0.1,8100.0,6017.23,2082.77,North,Debit Card
ORD02079,2025-08-08,CUST0560,P012,2,0.05,15200.0,10325.83,4874.17,South,Debit Card
ORD01256,2025-08-08,CUST0711,P010,4,0.2,1600.0,1255.44,344.56,West,UPI
ORD02627,2025-08-08,CUST0647,P002,2,0.1,2160.0,1951.27,208.73,North,Cash on Delivery
ORD00461,2025-08-08,CUST0255,P011,3,0.0,2700.0,2205.98,494.02,North,UPI
ORD01004,2025-08-09,CUST0283,P005,1,0.0,28000.0,19707.14,8292.86,North,Credit Card
ORD01809,2025-08-09,CUST0533,P011,2,0.1,1620.0,1399.43,220.57,West,Net Banking
ORD00348,2025-08-10,CUST0376,P003,2,0.1,8100.0,7836.32,263.68,North,Debit Card
ORD02357,2025-08-10,CUST0044,P002,2,0.0,2400.0,1322.86,1077.14,West,Debit Card
ORD00105,2025-08-10,CUST0392,P009,2,0.1,32400.0,24365.49,8034.51,South,UPI
ORD01211,2025-08-10,CUST0340,P004,5,0.05,199500.0,172658.76,26841.24,East,Debit Card
ORD01334,2025-08-10,CUST0679,P001,4,0.15,221000.0,176184.89,44815.11,South,Net Banking
ORD01485,2025-08-10,CUST0520,P010,2,0.1,900.0,874.19,25.81,North,UPI
ORD02744,2025-08-11,CUST0018,P007,1,0.15,7650.0,7472.25,177.75,North,UPI
ORD00368,2025-08-11,CUST0343,P008,4,0.0,30000.0,18469.6,11530.4,West,Credit Card
ORD00119,2025-08-11,CUST0217,P003,1,0.0,4500.0,2670.31,1829.69,West,UPI
ORD00452,2025-08-11,CUST0544,P009,2,0.15,30600.0,25343.93,5256.07,South,Debit Card
ORD02221,2025-08-12,CUST0694,P002,3,0.0,3600.0,2205.3,1394.7,North,Debit Card
ORD00525,2025-08-12,CUST0201,P002,1,0.15,1020.0,966.7,53.3,East,Debit Card
ORD00875,2025-08-12,CUST0798,P009,1,0.05,17100.0,12787.11,4312.89,South,UPI
ORD02587,2025-08-13,CUST0380,P004,2,0.0,84000.0,70085.71,13914.29,West,Credit Card
ORD01974,2025-08-13,CUST0726,P001,1,0.1,58500.0,38318.16,20181.84,South,UPI
ORD00056,2025-08-13,CUST0059,P010,2,0.15,850.0,821.86,28.14,North,Debit Card
ORD00764,2025-08-13,CUST0335,P003,3,0.05,12825.0,11481.15,1343.85,East,Credit Card
ORD00109,2025-08-14,CUST0534,P005,1,0.2,22400.0,23014.03,-614.03,North,Cash on Delivery
ORD02533,2025-08-14,CUST0537,P012,1,0.0,8000.0,5598.4,2401.6,West,UPI
ORD00262,2025-08-14,CUST0587,P010,3,0.05,1425.0,1228.36,196.64,South,UPI
ORD02280,2025-08-15,CUST0425,P011,1,0.1,810.0,651.83,158.17,South,Cash on Delivery
ORD01182,2025-08-15,CUST0322,P004,1,0.05,39900.0,34572.2,5327.8,South,Cash on Delivery
ORD02485,2025-08-15,CUST0157,P006,1,0.1,10800.0,9399.85,1400.15,North,Credit Card
ORD00654,2025-08-16,CUST0113,P005,2,0.0,56000.0,38933.61,17066.39,South,UPI
ORD00381,2025-08-16,CUST0089,P008,1,0.0,7500.0,6575.87,924.13,North,Credit Card
ORD00793,2025-08-16,CUST0753,P001,3,0.1,175500.0,146223.79,29276.21,South,UPI
ORD01596,2025-08-16,CUST0224,P003,2,0.05,8550.0,6939.27,1610.73,South,Credit Card
ORD01039,2025-08-16,CUST0436,P005,2,0.15,47600.0,43591.48,4008.52,West,UPI
ORD00178,2025-08-16,CUST0339,P003,1,0.0,4500.0,2780.27,1719.73,West,Credit Card
ORD02806,2025-08-17,CUST0792,P010,1,0.2,400.0,367.73,32.27,West,Cash on Delivery
ORD02551,2025-08-17,CUST0199,P004,2,0.1,75600.0,68073.58,7526.42,East,Debit Card
ORD02663,2025-08-17,CUST0522,P012,3,0.0,24000.0,16221.23,7778.77,South,Net Banking
ORD02282,2025-08-18,CUST0610,P002,1,0.15,1020.0,982.6,37.4,North,UPI
ORD02642,2025-08-18,CUST0093,P002,3,0.1,3240.0,2399.84,840.16,South,Debit Card
ORD01117,2025-08-18,CUST0341,P002,2,0.05,2280.0,1392.92,887.08,East,Credit Card
ORD02805,2025-08-18,CUST0140,P009,5,0.05,85500.0,53955.58,31544.42,South,Debit Card
ORD01140,2025-08-18,CUST0331,P005,1,0.0,28000.0,16282.08,11717.92,North,UPI
ORD02202,2025-08-18,CUST0059,P006,1,0.2,9600.0,10390.06,-790.06,North,Credit Card
ORD01405,2025-08-18,CUST0075,P005,1,0.15,23800.0,15562.55,8237.45,North,Credit Card
ORD00532,2025-08-19,CUST0384,P001,3,0.15,165750.0,108977.66,56772.34,South,Debit Card
ORD01263,2025-08-19,CUST0310,P001,1,0.05,61750.0,51873.04,9876.96,South,Credit Card
ORD02863,2025-08-19,CUST0577,P008,1,0.0,7500.0,5431.49,2068.51,South,UPI
ORD00930,2025-08-20,CUST0076,P010,1,0.05,475.0,430.91,44.09,South,UPI
ORD02949,2025-08-20,CUST0425,P006,1,0.0,12000.0,9316.72,2683.28,South,Debit Card
ORD01180,2025-08-20,CUST0474,P008,4,0.1,27000.0,21893.54,5106.46,West,Credit Card
ORD01191,2025-08-20,CUST0688,P012,2,0.05,15200.0,10620.33,4579.67,South,UPI
ORD00991,2025-08-20,CUST0262,P006,5,0.15,51000.0,46657.8,4342.2,West,Cash on Delivery
ORD02218,2025-08-20,CUST0013,P008,1,0.1,6750.0,4536.89,2213.11,North,Debit Card
ORD00755,2025-08-20,CUST0613,P012,2,0.0,16000.0,8963.14,7036.86,West,Net Banking
ORD01449,2025-08-20,CUST0244,P012,2,0.15,13600.0,13724.83,-124.83,South,Cash on Delivery
ORD00227,2025-08-21,CUST0064,P007,1,0.0,9000.0,7129.59,1870.41,South,Credit Card
ORD02852,2025-08-21,CUST0760,P007,1,0.1,8100.0,7057.3,1042.7,North,Net Banking
ORD01167,2025-08-21,CUST0246,P007,3,0.15,22950.0,20138.24,2811.76,East,Debit Card
ORD02283,2025-08-22,CUST0543,P001,1,0.1,58500.0,41971.59,16528.41,West,Credit Card
ORD01248,2025-08-23,CUST0743,P006,1,0.05,11400.0,9262.2,2137.8,North,UPI
ORD00389,2025-08-23,CUST0679,P007,2,0.05,17100.0,14589.36,2510.64,South,Credit Card
ORD02254,2025-08-23,CUST0298,P001,2,0.0,130000.0,94680.02,35319.98,South,Debit Card
ORD02317,2025-08-23,CUST0171,P001,1,0.0,65000.0,55887.17,9112.83,South,UPI
ORD01578,2025-08-24,CUST0196,P012,2,0.05,15200.0,14059.3,1140.7,West,Credit Card
ORD01542,2025-08-24,CUST0542,P003,1,0.0,4500.0,3567.95,932.05,West,Credit Card
ORD01080,2025-08-24,CUST0587,P002,1,0.1,1080.0,933.39,146.61,South,Credit Card
ORD00993,2025-08-24,CUST0491,P010,1,0.1,450.0,391.29,58.71,West,Net Banking
ORD01104,2025-08-24,CUST0138,P012,2,0.15,13600.0,13543.79,56.21,East,Debit Card
ORD02155,2025-08-24,CUST0306,P011,2,0.2,1440.0,1300.22,139.78,West,Net Banking
ORD00358,2025-08-24,CUST0453,P011,5,0.05,4275.0,2706.92,1568.08,West,Credit Card
ORD01393,2025-08-25,CUST0421,P012,1,0.05,7600.0,6124.6,1475.4,East,Credit Card
ORD02327,2025-08-25,CUST0206,P004,1,0.1,37800.0,25685.19,12114.81,South,Debit Card
ORD02301,2025-08-25,CUST0477,P010,2,0.05,950.0,730.39,219.61,South,Net Banking
ORD02748,2025-08-25,CUST0298,P002,4,0.15,4080.0,3820.2,259.8,South,UPI
ORD00031,2025-08-26,CUST0541,P003,1,0.15,3825.0,2752.36,1072.64,South,Credit Card
ORD01821,2025-08-26,CUST0401,P003,4,0.05,17100.0,12579.94,4520.06,East,UPI
ORD02104,2025-08-26,CUST0582,P001,1,0.2,52000.0,43004.6,8995.4,South,Debit Card
ORD01234,2025-08-26,CUST0148,P007,1,0.05,8550.0,7227.17,1322.83,North,UPI
ORD01761,2025-08-26,CUST0310,P003,3,0.2,10800.0,7622.81,3177.19,South,UPI
ORD02703,2025-08-27,CUST0460,P012,3,0.05,22800.0,18777.99,4022.01,East,Net Banking
ORD00263,2025-08-27,CUST0150,P005,4,0.1,100800.0,95874.21,4925.79,East,Credit Card
ORD00053,2025-08-27,CUST0528,P005,2,0.1,50400.0,44613.67,5786.33,East,Debit Card
ORD02318,2025-08-27,CUST0273,P001,4,0.2,208000.0,179664.9,28335.1,South,Credit Card
ORD00396,2025-08-27,CUST0731,P003,2,0.05,8550.0,5015.2,3534.8,South,Credit Card
ORD01491,2025-08-27,CUST0544,P012,2,0.15,13600.0,9607.05,3992.95,South,Net Banking
ORD01622,2025-08-27,CUST0518,P008,2,0.1,13500.0,10315.83,3184.17,South,Credit Card
ORD02322,2025-08-28,CUST0693,P005,2,0.1,50400.0,44461.62,5938.38,South,Cash on Delivery
ORD02733,2025-08-28,CUST0294,P006,1,0.15,10200.0,8975.78,1224.22,South,Credit Card
ORD02022,2025-08-28,CUST0331,P007,5,0.2,36000.0,38645.93,-2645.93,North,Credit Card
ORD02277,2025-08-28,CUST0126,P004,1,0.0,42000.0,31965.47,10034.53,West,Credit Card
ORD02869,2025-08-28,CUST0221,P001,2,0.05,123500.0,99973.34,23526.66,East,UPI
ORD00091,2025-08-29,CUST0622,P006,2,0.15,20400.0,15144.37,5255.63,South,Credit Card
ORD00942,2025-08-29,CUST0175,P001,1,0.0,65000.0,53532.86,11467.14,East,Debit Card
ORD00204,2025-08-30,CUST0758,P004,4,0.15,142800.0,114239.64,28560.36,East,UPI
ORD02160,2025-08-30,CUST0442,P005,3,0.05,79800.0,52658.77,27141.23,East,UPI
ORD00695,2025-08-30,CUST0112,P007,2,0.0,18000.0,13762.92,4237.08,North,UPI
ORD00731,2025-08-31,CUST0700,P004,2,0.15,71400.0,64313.17,7086.83,North,UPI
ORD00372,2025-09-01,CUST0735,P007,4,0.0,36000.0,22732.56,13267.44,South,UPI
ORD01194,2025-09-01,CUST0060,P002,1,0.05,1140.0,854.9,285.1,North,Debit Card
ORD02671,2025-09-01,CUST0106,P010,4,0.1,1800.0,1513.01,286.99,North,UPI
ORD01197,2025-09-01,CUST0435,P012,1,0.0,8000.0,5317.29,2682.71,South,Net Banking
ORD02146,2025-09-01,CUST0093,P002,5,0.0,6000.0,5126.45,873.55,South,UPI
ORD01216,2025-09-02,CUST0728,P003,2,0.0,9000.0,6846.77,2153.23,East,Credit Card
ORD02324,2025-09-02,CUST0108,P009,4,0.1,64800.0,44419.5,20380.5,West,Net Banking
ORD01648,2025-09-02,CUST0614,P001,2,0.0,130000.0,111887.16,18112.84,South,UPI
ORD01997,2025-09-03,CUST0232,P009,1,0.0,18000.0,12210.85,5789.15,South,UPI
ORD01110,2025-09-03,CUST0016,P009,1,0.0,18000.0,13386.93,4613.07,South,Credit Card
ORD01668,2025-09-03,CUST0494,P008,1,0.05,7125.0,5738.14,1386.86,West,UPI
ORD00500,2025-09-03,CUST0156,P002,2,0.05,2280.0,1656.31,623.69,North,UPI
ORD01398,2025-09-03,CUST0601,P012,5,0.1,36000.0,26161.38,9838.62,South,Credit Card
ORD02302,2025-09-04,CUST0710,P006,2,0.15,20400.0,20486.13,-86.13,South,Cash on Delivery
ORD02291,2025-09-04,CUST0398,P010,5,0.2,2000.0,1698.6,301.4,North,Net Banking
ORD01779,2025-09-04,CUST0663,P012,1,0.0,8000.0,4484.83,3515.17,West,UPI
ORD01287,2025-09-04,CUST0645,P003,2,0.15,7650.0,6062.87,1587.13,South,UPI
ORD01284,2025-09-04,CUST0251,P012,1,0.05,7600.0,4433.13,3166.87,South,Credit Card
ORD00377,2025-09-05,CUST0184,P008,3,0.15,19125.0,19726.98,-601.98,West,Credit Card
ORD02089,2025-09-05,CUST0368,P006,1,0.0,12000.0,10484.91,1515.09,North,Debit Card
ORD02795,2025-09-05,CUST0525,P008,2,0.0,15000.0,13002.33,1997.67,West,Cash on Delivery
ORD00577,2025-09-05,CUST0712,P010,2,0.0,1000.0,689.97,310.03,South,Debit Card
ORD01410,2025-09-05,CUST0634,P003,1,0.05,4275.0,3538.97,736.03,South,UPI
ORD00733,2025-09-06,CUST0779,P005,4,0.1,100800.0,86924.64,13875.36,North,Credit Card
ORD02380,2025-09-06,CUST0546,P001,2,0.05,123500.0,94585.14,28914.86,North,Debit Card
ORD02416,2025-09-06,CUST0553,P012,4,0.0,32000.0,25718.07,6281.93,North,Debit Card
ORD02862,2025-09-07,CUST0710,P003,1,0.2,3600.0,2701.12,898.88,South,Cash on Delivery
ORD02142,2025-09-07,CUST0357,P009,4,0.1,64800.0,61601.56,3198.44,West,Debit Card
ORD00876,2025-09-08,CUST0458,P002,3,0.15,3060.0,2481.36,578.64,South,Credit Card
ORD00205,2025-09-08,CUST0113,P001,3,0.15,165750.0,154193.97,11556.03,South,UPI
ORD01132,2025-09-09,CUST0618,P003,3,0.0,13500.0,10878.67,2621.33,North,UPI
ORD01122,2025-09-09,CUST0607,P003,2,0.2,7200.0,6267.82,932.18,South,Debit Card
ORD00592,2025-09-09,CUST0028,P008,1,0.0,7500.0,4588.61,2911.39,North,Debit Card
ORD01546,2025-09-09,CUST0524,P001,1,0.2,52000.0,49170.01,2829.99,North,Credit Card
ORD02687,2025-09-09,CUST0447,P003,2,0.15,7650.0,6178.65,1471.35,West,Debit Card
ORD02756,2025-09-10,CUST0025,P007,4,0.15,30600.0,25884.87,4715.13,West,UPI
ORD02773,2025-09-10,CUST0229,P008,1,0.2,6000.0,4928.15,1071.85,West,UPI
ORD00427,2025-09-10,CUST0672,P004,1,0.05,39900.0,23316.32,16583.68,South,Debit Card
ORD03000,2025-09-10,CUST0452,P003,1,0.1,4050.0,2719.69,1330.31,East,Net Banking
ORD01139,2025-09-10,CUST0171,P004,2,0.0,84000.0,55492.21,28507.79,South,Debit Card
ORD01286,2025-09-10,CUST0291,P006,3,0.05,34200.0,23473.39,10726.61,West,UPI
ORD01087,2025-09-10,CUST0607,P005,2,0.1,50400.0,37640.62,12759.38,South,UPI
ORD01991,2025-09-10,CUST0519,P005,2,0.05,53200.0,47517.72,5682.28,North,Credit Card
ORD02266,2025-09-10,CUST0536,P002,4,0.0,4800.0,2755.75,2044.25,South,Net Banking
ORD02261,2025-09-11,CUST0411,P001,1,0.1,58500.0,42260.95,16239.05,East,Credit Card
ORD01353,2025-09-11,CUST0026,P006,2,0.05,22800.0,14266.62,8533.38,East,Cash on Delivery
ORD01568,2025-09-11,CUST0748,P010,2,0.15,850.0,737.03,112.97,West,Credit Card
ORD02867,2025-09-11,CUST0421,P004,1,0.1,37800.0,31000.02,6799.98,East,Net Banking
ORD01804,2025-09-11,CUST0347,P009,5,0.0,90000.0,78406.63,11593.37,North,UPI
ORD00285,2025-09-11,CUST0179,P007,2,0.05,17100.0,15520.41,1579.59,North,UPI
ORD02232,2025-09-11,CUST0798,P001,1,0.0,65000.0,48855.38,16144.62,South,UPI
ORD02051,2025-09-12,CUST0708,P009,2,0.1,32400.0,24572.31,7827.69,South,Net Banking
ORD01528,2025-09-12,CUST0599,P009,1,0.1,16200.0,12266.65,3933.35,West,Credit Card
ORD00835,2025-09-12,CUST0145,P012,1,0.05,7600.0,5126.68,2473.32,West,UPI
ORD02803,2025-09-12,CUST0310,P007,3,0.05,25650.0,17609.03,8040.97,South,UPI
ORD00549,2025-09-12,CUST0237,P008,1,0.1,6750.0,5183.33,1566.67,West,UPI
ORD01414,2025-09-13,CUST0215,P002,2,0.0,2400.0,1556.67,843.33,South,Net Banking
ORD00404,2025-09-13,CUST0444,P009,4,0.0,72000.0,55614.79,16385.21,South,Debit Card
ORD01448,2025-09-13,CUST0246,P012,1,0.0,8000.0,5876.8,2123.2,East,Net Banking
ORD02826,2025-09-13,CUST0668,P008,1,0.0,7500.0,6204.07,1295.93,North,Debit Card
ORD00864,2025-09-14,CUST0159,P012,1,0.2,6400.0,5471.93,928.07,East,UPI
ORD01010,2025-09-14,CUST0012,P009,1,0.0,18000.0,12517.48,5482.52,West,UPI
ORD02129,2025-09-14,CUST0098,P012,1,0.05,7600.0,6580.28,1019.72,East,UPI
ORD00238,2025-09-14,CUST0654,P003,2,0.0,9000.0,6099.39,2900.61,West,UPI
ORD02858,2025-09-15,CUST0255,P005,5,0.15,119000.0,92120.11,26879.89,North,UPI
ORD02002,2025-09-15,CUST0592,P005,1,0.05,26600.0,22727.43,3872.57,North,Net Banking
ORD00792,2025-09-15,CUST0269,P009,3,0.0,54000.0,37959.17,16040.83,South,Debit Card
ORD01088,2025-09-16,CUST0135,P011,2,0.0,1800.0,1489.67,310.33,North,Debit Card
ORD02325,2025-09-16,CUST0162,P010,3,0.05,1425.0,976.06,448.94,East,Debit Card
ORD00801,2025-09-16,CUST0407,P009,1,0.1,16200.0,15028.27,1171.73,North,Credit Card
ORD01700,2025-09-16,CUST0518,P007,3,0.1,24300.0,22981.8,1318.2,South,Debit Card
ORD01278,2025-09-17,CUST0785,P008,1,0.05,7125.0,5061.43,2063.57,North,UPI
ORD02550,2025-09-17,CUST0334,P004,2,0.1,75600.0,55204.09,20395.91,South,Net Banking
ORD02771,2025-09-17,CUST0530,P012,4,0.15,27200.0,18456.25,8743.75,South,UPI
ORD00902,2025-09-17,CUST0457,P002,2,0.1,2160.0,1524.32,635.68,West,UPI
ORD00607,2025-09-18,CUST0570,P012,1,0.05,7600.0,5398.29,2201.71,North,UPI
ORD01694,2025-09-19,CUST0468,P010,1,0.05,475.0,363.38,111.62,South,UPI
ORD02402,2025-09-19,CUST0090,P009,2,0.0,36000.0,21766.89,14233.11,South,Credit Card
ORD01233,2025-09-19,CUST0164,P005,5,0.15,119000.0,78651.12,40348.88,East,Cash on Delivery
ORD02341,2025-09-19,CUST0800,P005,1,0.0,28000.0,19856.23,8143.77,South,Credit Card
ORD02373,2025-09-19,CUST0720,P001,1,0.1,58500.0,45980.53,12519.47,East,Credit Card
ORD01062,2025-09-19,CUST0221,P001,2,0.0,130000.0,101347.47,28652.53,East,Net Banking
ORD00746,2025-09-19,CUST0495,P005,3,0.05,79800.0,49072.31,30727.69,East,UPI
ORD02321,2025-09-20,CUST0391,P006,1,0.05,11400.0,7769.1,3630.9,South,UPI
ORD01378,2025-09-20,CUST0577,P005,4,0.05,106400.0,69718.06,36681.94,South,UPI
ORD00787,2025-09-20,CUST0072,P010,2,0.0,1000.0,745.38,254.62,South,UPI
ORD00410,2025-09-20,CUST0439,P007,2,0.1,16200.0,12010.58,4189.42,West,Net Banking
ORD01176,2025-09-20,CUST0553,P008,5,0.0,37500.0,21986.97,15513.03,North,Credit Card
ORD01620,2025-09-20,CUST0029,P011,5,0.05,4275.0,3433.96,841.04,East,Credit Card
ORD02939,2025-09-20,CUST0521,P005,3,0.0,84000.0,62329.17,21670.83,North,Debit Card
ORD02954,2025-09-21,CUST0028,P007,1,0.05,8550.0,5983.05,2566.95,North,Credit Card
ORD00260,2025-09-21,CUST0438,P009,2,0.05,34200.0,24603.44,9596.56,East,Debit Card
ORD02839,2025-09-21,CUST0329,P002,1,0.0,1200.0,799.15,400.85,North,Credit Card
ORD00956,2025-09-21,CUST0490,P006,2,0.05,22800.0,17129.09,5670.91,South,UPI
ORD01090,2025-09-21,CUST0147,P011,2,0.1,1620.0,1063.23,556.77,South,Cash on Delivery
ORD01926,2025-09-21,CUST0485,P010,4,0.15,1700.0,1584.35,115.65,North,Debit Card
ORD00609,2025-09-21,CUST0105,P008,3,0.0,22500.0,17774.94,4725.06,South,UPI
ORD02158,2025-09-22,CUST0625,P006,2,0.0,24000.0,17579.73,6420.27,North,UPI
ORD00913,2025-09-22,CUST0096,P012,1,0.1,7200.0,5628.76,1571.24,North,UPI
ORD01967,2025-09-22,CUST0707,P011,3,0.1,2430.0,1848.12,581.88,West,Debit Card
ORD00173,2025-09-22,CUST0515,P012,1,0.0,8000.0,5336.0,2664.0,South,Credit Card
ORD00515,2025-09-22,CUST0338,P002,1,0.1,1080.0,888.6,191.4,West,UPI
ORD02946,2025-09-23,CUST0226,P010,2,0.05,950.0,561.57,388.43,South,Credit Card
ORD00280,2025-09-23,CUST0215,P003,1,0.0,4500.0,2659.42,1840.58,South,UPI
ORD01450,2025-09-23,CUST0506,P009,1,0.0,18000.0,11716.8,6283.2,North,Cash on Delivery
ORD01129,2025-09-23,CUST0618,P008,2,0.15,12750.0,9106.92,3643.08,North,UPI
ORD02011,2025-09-23,CUST0522,P005,1,0.0,28000.0,22881.6,5118.4,South,UPI
ORD01923,2025-09-23,CUST0117,P009,1,0.15,15300.0,15649.25,-349.25,North,Debit Card
ORD00595,2025-09-24,CUST0293,P006,1,0.0,12000.0,9834.61,2165.39,South,UPI
ORD00614,2025-09-24,CUST0083,P010,1,0.1,450.0,427.11,22.89,South,Cash on Delivery
ORD01989,2025-09-24,CUST0467,P001,2,0.05,123500.0,113102.7,10397.3,South,UPI
ORD00999,2025-09-24,CUST0700,P007,1,0.0,9000.0,7213.87,1786.13,North,UPI
ORD00487,2025-09-24,CUST0731,P001,1,0.2,52000.0,44307.22,7692.78,South,Debit Card
ORD01426,2025-09-24,CUST0164,P012,1,0.15,6800.0,7004.73,-204.73,East,UPI
ORD01652,2025-09-25,CUST0408,P012,1,0.05,7600.0,5136.12,2463.88,East,Debit Card
ORD02878,2025-09-25,CUST0144,P009,2,0.05,34200.0,25347.04,8852.96,South,Credit Card
ORD00133,2025-09-26,CUST0182,P007,1,0.15,7650.0,6815.87,834.13,North,UPI
ORD02465,2025-09-26,CUST0368,P003,1,0.0,4500.0,3510.82,989.18,North,Credit Card
ORD02987,2025-09-26,CUST0168,P001,3,0.15,165750.0,118803.35,46946.65,North,Net Banking
ORD01424,2025-09-27,CUST0541,P001,2,0.05,123500.0,90504.34,32995.66,South,UPI
ORD02626,2025-09-27,CUST0357,P009,2,0.2,28800.0,25015.44,3784.56,West,Credit Card
ORD00536,2025-09-28,CUST0649,P010,3,0.1,1350.0,1267.42,82.58,North,Debit Card
ORD00488,2025-09-28,CUST0109,P006,2,0.0,24000.0,14540.63,9459.37,North,Net Banking
ORD01208,2025-09-28,CUST0524,P001,1,0.1,58500.0,45591.04,12908.96,North,Credit Card
ORD01447,2025-09-28,CUST0576,P002,4,0.1,4320.0,3127.0,1193.0,East,Credit Card
ORD00217,2025-09-28,CUST0471,P012,2,0.15,13600.0,11407.75,2192.25,South,Credit Card
ORD01763,2025-09-28,CUST0528,P008,2,0.0,15000.0,10212.55,4787.45,East,Debit Card
ORD01734,2025-09-29,CUST0563,P007,2,0.0,18000.0,11387.37,6612.63,South,UPI
ORD02120,2025-09-29,CUST0753,P002,2,0.05,2280.0,1741.32,538.68,South,Debit Card
ORD02483,2025-09-29,CUST0014,P009,2,0.0,36000.0,30862.62,5137.38,North,UPI
ORD00323,2025-09-29,CUST0296,P005,2,0.05,53200.0,31421.11,21778.89,East,Credit Card
ORD02874,2025-09-29,CUST0487,P003,2,0.0,9000.0,7031.19,1968.81,West,Cash on Delivery
ORD00921,2025-09-29,CUST0534,P009,3,0.1,48600.0,44533.11,4066.89,North,UPI
ORD01106,2025-09-29,CUST0194,P008,1,0.05,7125.0,6556.92,568.08,East,Debit Card
ORD01148,2025-09-30,CUST0656,P010,3,0.1,1350.0,993.46,356.54,South,UPI
ORD02739,2025-09-30,CUST0070,P010,3,0.1,1350.0,1280.17,69.83,South,UPI
ORD01594,2025-09-30,CUST0679,P008,2,0.0,15000.0,12860.9,2139.1,South,Credit Card
ORD01970,2025-09-30,CUST0594,P003,1,0.15,3825.0,3388.76,436.24,North,Net Banking
ORD01306,2025-10-01,CUST0054,P001,1,0.0,65000.0,41716.95,23283.05,East,UPI
ORD02919,2025-10-01,CUST0307,P009,2,0.0,36000.0,21605.36,14394.64,South,Net Banking
ORD01368,2025-10-01,CUST0042,P002,3,0.1,3240.0,2327.65,912.35,North,Net Banking
ORD00386,2025-10-02,CUST0106,P005,1,0.0,28000.0,23286.86,4713.14,North,UPI
ORD01108,2025-10-02,CUST0785,P007,1,0.15,7650.0,7058.19,591.81,North,Debit Card
ORD00714,2025-10-03,CUST0573,P001,1,0.05,61750.0,53997.68,7752.32,South,Debit Card
ORD00560,2025-10-03,CUST0615,P006,1,0.1,10800.0,7389.86,3410.14,West,UPI
ORD00288,2025-10-03,CUST0465,P002,4,0.0,4800.0,3702.77,1097.23,South,Credit Card
ORD00219,2025-10-04,CUST0277,P011,1,0.0,900.0,514.48,385.52,South,UPI
ORD00185,2025-10-04,CUST0683,P012,1,0.0,8000.0,5152.45,2847.55,North,Cash on Delivery
ORD00453,2025-10-05,CUST0611,P011,2,0.0,1800.0,1279.02,520.98,South,Credit Card
ORD02702,2025-10-05,CUST0477,P009,1,0.0,18000.0,13262.01,4737.99,South,Net Banking
ORD02995,2025-10-05,CUST0080,P009,1,0.1,16200.0,15629.22,570.78,West,Debit Card
ORD02141,2025-10-05,CUST0209,P006,2,0.15,20400.0,16553.46,3846.54,South,UPI
ORD00376,2025-10-05,CUST0181,P012,4,0.0,32000.0,25479.77,6520.23,West,Credit Card
ORD00841,2025-10-06,CUST0800,P001,3,0.05,185250.0,127855.38,57394.62,South,Net Banking
ORD02367,2025-10-06,CUST0069,P005,1,0.05,26600.0,16181.2,10418.8,East,Debit Card
ORD02159,2025-10-06,CUST0273,P010,1,0.05,475.0,322.18,152.82,South,UPI
ORD00756,2025-10-06,CUST0111,P003,4,0.1,16200.0,11096.45,5103.55,South,UPI
ORD01313,2025-10-06,CUST0058,P009,1,0.15,15300.0,10932.92,4367.08,South,UPI
ORD02798,2025-10-06,CUST0210,P012,4,0.0,32000.0,26800.44,5199.56,West,Debit Card
ORD00006,2025-10-07,CUST0561,P006,1,0.05,11400.0,6639.49,4760.51,South,UPI
ORD01727,2025-10-07,CUST0014,P006,2,0.05,22800.0,20635.77,2164.23,North,UPI
ORD01388,2025-10-07,CUST0324,P003,2,0.1,8100.0,6267.97,1832.03,South,UPI
ORD01322,2025-10-07,CUST0673,P003,1,0.05,4275.0,2646.83,1628.17,North,Net Banking
ORD02866,2025-10-07,CUST0026,P001,2,0.15,110500.0,76499.92,34000.08,East,Credit Card
ORD01866,2025-10-08,CUST0402,P011,1,0.0,900.0,613.91,286.09,South,Debit Card
ORD02127,2025-10-08,CUST0334,P009,2,0.0,36000.0,26594.71,9405.29,South,Net Banking
ORD00925,2025-10-08,CUST0779,P008,2,0.05,14250.0,11585.13,2664.87,North,Credit Card
ORD02971,2025-10-09,CUST0561,P005,2,0.0,56000.0,35669.88,20330.12,South,Credit Card
ORD01875,2025-10-09,CUST0491,P008,2,0.1,13500.0,8593.96,4906.04,West,Net Banking
ORD01521,2025-10-09,CUST0693,P002,1,0.0,1200.0,987.49,212.51,South,Credit Card
ORD00554,2025-10-09,CUST0321,P006,1,0.05,11400.0,6805.57,4594.43,South,Credit Card
ORD00600,2025-10-09,CUST0218,P009,1,0.0,18000.0,10586.73,7413.27,East,Credit Card
ORD00869,2025-10-09,CUST0583,P010,4,0.0,2000.0,1578.48,421.52,East,Debit Card
ORD00445,2025-10-09,CUST0422,P001,1,0.0,65000.0,50710.79,14289.21,South,Credit Card
ORD00346,2025-10-09,CUST0166,P008,2,0.15,12750.0,10345.28,2404.72,North,UPI
ORD01291,2025-10-10,CUST0511,P001,2,0.0,130000.0,96483.32,33516.68,South,Debit Card
ORD02761,2025-10-10,CUST0232,P004,2,0.0,84000.0,61954.59,22045.41,South,Net Banking
ORD02046,2025-10-10,CUST0621,P011,3,0.1,2430.0,1819.36,610.64,North,Credit Card
ORD01215,2025-10-11,CUST0658,P007,4,0.0,36000.0,25780.13,10219.87,West,UPI
ORD02879,2025-10-11,CUST0189,P005,1,0.1,25200.0,19738.69,5461.31,South,UPI
ORD00524,2025-10-11,CUST0143,P010,1,0.0,500.0,410.18,89.82,West,Credit Card
ORD00766,2025-10-11,CUST0022,P007,1,0.05,8550.0,5748.97,2801.03,West,Credit Card
ORD02075,2025-10-11,CUST0209,P012,1,0.15,6800.0,5832.34,967.66,South,Credit Card
ORD02682,2025-10-11,CUST0774,P001,1,0.05,61750.0,38021.69,23728.31,South,Credit Card
ORD02736,2025-10-11,CUST0120,P002,3,0.15,3060.0,2439.91,620.09,North,UPI
ORD02413,2025-10-11,CUST0716,P002,1,0.15,1020.0,767.62,252.38,South,Net Banking
ORD01988,2025-10-12,CUST0270,P011,3,0.0,2700.0,1899.19,800.81,West,Credit Card
ORD01354,2025-10-12,CUST0299,P007,1,0.05,8550.0,7467.51,1082.49,North,Net Banking
ORD02354,2025-10-12,CUST0410,P010,2,0.0,1000.0,750.9,249.1,North,Credit Card
ORD02456,2025-10-12,CUST0728,P011,2,0.2,1440.0,1149.92,290.08,East,UPI
ORD00847,2025-10-12,CUST0751,P009,3,0.05,51300.0,46988.33,4311.67,North,Debit Card
ORD02026,2025-10-13,CUST0482,P008,1,0.0,7500.0,5742.75,1757.25,South,Credit Card
ORD00885,2025-10-13,CUST0382,P009,5,0.2,72000.0,53239.17,18760.83,South,Debit Card
ORD02306,2025-10-14,CUST0789,P008,1,0.1,6750.0,5602.82,1147.18,South,UPI
ORD00697,2025-10-14,CUST0303,P007,5,0.05,42750.0,35092.17,7657.83,North,Debit Card
ORD01534,2025-10-14,CUST0712,P003,4,0.05,17100.0,11233.94,5866.06,South,UPI
ORD02853,2025-10-14,CUST0639,P009,1,0.05,17100.0,13537.67,3562.33,South,UPI
ORD00685,2025-10-14,CUST0481,P003,1,0.2,3600.0,2629.07,970.93,North,Net Banking
ORD00625,2025-10-15,CUST0472,P007,1,0.05,8550.0,7186.44,1363.56,South,Credit Card
ORD01439,2025-10-15,CUST0079,P006,1,0.05,11400.0,10086.26,1313.74,West,Credit Card
ORD01380,2025-10-15,CUST0328,P008,5,0.15,31875.0,20879.57,10995.43,South,Net Banking
ORD00353,2025-10-15,CUST0375,P004,2,0.15,71400.0,46992.65,24407.35,West,Debit Card
ORD00391,2025-10-16,CUST0032,P008,1,0.1,6750.0,5633.05,1116.95,South,Debit Card
ORD00519,2025-10-16,CUST0661,P009,2,0.1,32400.0,21532.81,10867.19,South,UPI
ORD01154,2025-10-16,CUST0796,P001,4,0.05,247000.0,209539.54,37460.46,South,UPI
ORD01604,2025-10-16,CUST0416,P003,1,0.0,4500.0,3791.7,708.3,North,Credit Card
ORD01228,2025-10-16,CUST0639,P011,2,0.0,1800.0,1579.85,220.15,South,UPI
ORD00970,2025-10-17,CUST0459,P001,1,0.05,61750.0,41253.5,20496.5,West,Credit Card
ORD00602,2025-10-17,CUST0299,P008,3,0.05,21375.0,17976.14,3398.86,North,UPI
ORD01909,2025-10-17,CUST0525,P010,2,0.05,950.0,777.18,172.82,West,Debit Card
ORD01905,2025-10-18,CUST0658,P008,2,0.05,14250.0,8816.6,5433.4,West,UPI
ORD00598,2025-10-18,CUST0580,P009,2,0.05,34200.0,27780.6,6419.4,North,Net Banking
ORD00052,2025-10-18,CUST0054,P007,4,0.2,28800.0,26510.36,2289.64,East,Net Banking
ORD02691,2025-10-18,CUST0520,P011,2,0.0,1800.0,1573.91,226.09,North,Debit Card
ORD01778,2025-10-18,CUST0646,P010,4,0.15,1700.0,1141.15,558.85,West,UPI
ORD00700,2025-10-19,CUST0530,P007,1,0.0,9000.0,5950.63,3049.37,South,Credit Card
ORD02036,2025-10-19,CUST0184,P009,3,0.15,45900.0,46704.5,-804.5,West,Credit Card
ORD00450,2025-10-19,CUST0006,P012,1,0.05,7600.0,5428.69,2171.31,East,Credit Card
ORD02966,2025-10-19,CUST0251,P006,1,0.0,12000.0,7663.95,4336.05,South,UPI
ORD00533,2025-10-19,CUST0692,P003,2,0.0,9000.0,7052.65,1947.35,North,Credit Card
ORD01591,2025-10-19,CUST0567,P010,1,0.0,500.0,355.0,145.0,North,Net Banking
ORD01646,2025-10-19,CUST0327,P010,4,0.0,2000.0,1285.82,714.18,South,Net Banking
ORD00035,2025-10-20,CUST0265,P004,1,0.1,37800.0,31996.36,5803.64,South,UPI
ORD01489,2025-10-20,CUST0635,P007,3,0.2,21600.0,17294.44,4305.56,North,UPI
ORD01781,2025-10-20,CUST0064,P007,2,0.0,18000.0,14831.58,3168.42,South,Cash on Delivery
ORD02531,2025-10-20,CUST0129,P009,1,0.0,18000.0,13802.01,4197.99,West,Debit Card
ORD02959,2025-10-20,CUST0069,P007,2,0.0,18000.0,15251.08,2748.92,East,Credit Card
ORD01992,2025-10-20,CUST0542,P004,1,0.0,42000.0,23291.58,18708.42,West,UPI
ORD01402,2025-10-20,CUST0116,P003,2,0.1,8100.0,5882.04,2217.96,North,UPI
ORD01598,2025-10-20,CUST0179,P007,3,0.15,22950.0,18505.76,4444.24,North,Net Banking
ORD01561,2025-10-20,CUST0487,P008,2,0.0,15000.0,13072.72,1927.28,West,Credit Card
ORD02537,2025-10-21,CUST0144,P003,1,0.15,3825.0,3541.1,283.9,South,Cash on Delivery
ORD01071,2025-10-21,CUST0335,P010,5,0.15,2125.0,2039.2,85.8,East,Debit Card
ORD01951,2025-10-21,CUST0089,P007,1,0.1,8100.0,5412.51,2687.49,North,UPI
ORD01365,2025-10-21,CUST0439,P005,2,0.0,56000.0,36387.0,19613.0,West,UPI
ORD00113,2025-10-21,CUST0675,P003,3,0.05,12825.0,9046.9,3778.1,North,UPI
ORD02355,2025-10-22,CUST0461,P007,1,0.05,8550.0,5144.43,3405.57,North,Cash on Delivery
ORD01790,2025-10-22,CUST0313,P006,2,0.1,21600.0,15686.94,5913.06,West,Cash on Delivery
ORD00516,2025-10-22,CUST0781,P012,3,0.0,24000.0,18557.01,5442.99,West,Credit Card
ORD01465,2025-10-22,CUST0381,P012,1,0.05,7600.0,5912.42,1687.58,South,Credit Card
ORD00920,2025-10-22,CUST0291,P008,2,0.0,15000.0,12410.44,2589.56,West,UPI
ORD02447,2025-10-22,CUST0166,P006,4,0.15,40800.0,28973.22,11826.78,North,UPI
ORD00765,2025-10-22,CUST0209,P010,1,0.15,425.0,357.96,67.04,South,Credit Card
ORD02779,2025-10-23,CUST0622,P009,2,0.0,36000.0,24698.33,11301.67,South,Cash on Delivery
ORD00931,2025-10-23,CUST0599,P011,3,0.0,2700.0,1497.1,1202.9,West,Credit Card
ORD01412,2025-10-23,CUST0348,P001,2,0.1,117000.0,98982.66,18017.34,West,UPI
ORD02870,2025-10-23,CUST0496,P012,1,0.15,6800.0,5533.57,1266.43,South,Cash on Delivery
ORD00180,2025-10-23,CUST0068,P005,3,0.05,79800.0,66332.66,13467.34,North,Debit Card
ORD00517,2025-10-23,CUST0171,P010,4,0.1,1800.0,1603.91,196.09,South,Debit Card
ORD01351,2025-10-23,CUST0752,P006,3,0.0,36000.0,24825.94,11174.06,South,UPI
ORD02837,2025-10-23,CUST0254,P002,1,0.15,1020.0,905.8,114.2,North,UPI
ORD02668,2025-10-23,CUST0780,P010,4,0.15,1700.0,1423.49,276.51,South,UPI
ORD00583,2025-10-23,CUST0115,P006,1,0.1,10800.0,10365.33,434.67,West,Debit Card
ORD00708,2025-10-24,CUST0138,P004,1,0.15,35700.0,32134.85,3565.15,East,UPI
ORD00926,2025-10-24,CUST0763,P003,2,0.15,7650.0,6099.12,1550.88,East,UPI
ORD00627,2025-10-24,CUST0370,P010,2,0.1,900.0,824.86,75.14,North,Cash on Delivery
ORD00498,2025-10-25,CUST0229,P004,1,0.1,37800.0,25959.2,11840.8,West,Credit Card
ORD00839,2025-10-25,CUST0065,P009,1,0.1,16200.0,14684.51,1515.49,South,Debit Card
ORD01118,2025-10-25,CUST0004,P008,3,0.1,20250.0,12788.13,7461.87,North,Credit Card
ORD02895,2025-10-25,CUST0694,P010,1,0.05,475.0,382.57,92.43,North,Debit Card
ORD01773,2025-10-25,CUST0794,P012,1,0.1,7200.0,6928.89,271.11,East,Credit Card
ORD01183,2025-10-25,CUST0012,P012,3,0.0,24000.0,18205.1,5794.9,West,Credit Card
ORD01046,2025-10-25,CUST0027,P002,1,0.1,1080.0,670.97,409.03,North,UPI
ORD01852,2025-10-25,CUST0482,P001,3,0.05,185250.0,136028.63,49221.37,South,Debit Card
ORD00899,2025-10-26,CUST0783,P007,1,0.05,8550.0,5301.17,3248.83,West,Cash on Delivery
ORD02815,2025-10-26,CUST0013,P005,4,0.15,95200.0,91060.22,4139.78,North,Debit Card
ORD00413,2025-10-26,CUST0345,P006,2,0.2,19200.0,18543.47,656.53,South,UPI
ORD01515,2025-10-26,CUST0066,P008,3,0.0,22500.0,15418.11,7081.89,West,Cash on Delivery
ORD02116,2025-10-26,CUST0352,P011,1,0.0,900.0,693.89,206.11,South,UPI
ORD01311,2025-10-27,CUST0558,P006,3,0.0,36000.0,27874.48,8125.52,South,UPI
ORD00121,2025-10-27,CUST0366,P008,1,0.1,6750.0,4696.15,2053.85,North,Credit Card
ORD01802,2025-10-27,CUST0347,P010,2,0.1,900.0,568.3,331.7,North,Credit Card
ORD00636,2025-10-27,CUST0654,P002,3,0.2,2880.0,2595.2,284.8,West,Credit Card
ORD01157,2025-10-27,CUST0381,P003,3,0.2,10800.0,7471.81,3328.19,South,Credit Card
ORD01708,2025-10-27,CUST0537,P012,3,0.1,21600.0,18940.66,2659.34,West,Debit Card
ORD02312,2025-10-28,CUST0538,P006,2,0.05,22800.0,19173.27,3626.73,North,UPI
ORD01619,2025-10-28,CUST0348,P005,1,0.1,25200.0,20040.15,5159.85,West,UPI
ORD02239,2025-10-29,CUST0775,P008,2,0.05,14250.0,9161.69,5088.31,West,UPI
ORD01987,2025-10-29,CUST0183,P012,1,0.0,8000.0,6964.82,1035.18,North,UPI
ORD02944,2025-10-29,CUST0063,P003,1,0.0,4500.0,2743.64,1756.36,South,Credit Card
ORD01673,2025-10-29,CUST0134,P003,1,0.0,4500.0,3293.23,1206.77,South,UPI
ORD02634,2025-10-30,CUST0378,P006,3,0.05,34200.0,30578.02,3621.98,South,Credit Card
ORD00330,2025-10-30,CUST0568,P003,1,0.05,4275.0,3891.53,383.47,East,Debit Card
ORD01497,2025-10-30,CUST0528,P006,2,0.1,21600.0,17740.43,3859.57,East,Debit Card
ORD00442,2025-10-30,CUST0720,P012,1,0.05,7600.0,4547.72,3052.28,East,Debit Card
ORD01681,2025-10-30,CUST0658,P006,5,0.0,60000.0,46261.42,13738.58,West,Credit Card
ORD02603,2025-10-30,CUST0509,P007,1,0.05,8550.0,7184.24,1365.76,East,UPI
ORD01038,2025-10-31,CUST0431,P004,4,0.0,168000.0,131138.97,36861.03,East,Credit Card
ORD00594,2025-10-31,CUST0119,P012,1,0.2,6400.0,4419.55,1980.45,West,Net Banking
ORD00449,2025-10-31,CUST0185,P002,2,0.0,2400.0,1545.69,854.31,South,Credit Card
ORD01586,2025-10-31,CUST0426,P008,1,0.05,7125.0,6145.43,979.57,West,Debit Card
ORD01458,2025-10-31,CUST0722,P002,1,0.15,1020.0,979.52,40.48,West,Net Banking
ORD01931,2025-10-31,CUST0653,P012,2,0.0,16000.0,10794.04,5205.96,South,Cash on Delivery
ORD01298,2025-10-31,CUST0072,P009,2,0.05,34200.0,28982.73,5217.27,South,Debit Card
ORD00658,2025-10-31,CUST0105,P007,2,0.05,17100.0,15218.7,1881.3,South,UPI
ORD00107,2025-11-02,CUST0677,P005,1,0.05,26600.0,22883.21,3716.79,North,Credit Card
ORD00778,2025-11-02,CUST0166,P012,2,0.05,15200.0,10578.57,4621.43,North,Credit Card
ORD01150,2025-11-02,CUST0694,P009,2,0.0,36000.0,30787.48,5212.52,North,UPI
ORD02316,2025-11-02,CUST0704,P012,1,0.05,7600.0,6424.02,1175.98,South,Debit Card
ORD01666,2025-11-02,CUST0700,P008,1,0.05,7125.0,4986.18,2138.82,North,Debit Card
ORD00703,2025-11-02,CUST0726,P001,4,0.05,247000.0,221697.61,25302.39,South,Debit Card
ORD02854,2025-11-02,CUST0775,P010,2,0.0,1000.0,863.87,136.13,West,UPI
ORD01593,2025-11-03,CUST0144,P009,3,0.15,45900.0,34990.61,10909.39,South,Credit Card
ORD01436,2025-11-03,CUST0500,P005,2,0.1,50400.0,34665.76,15734.24,South,Net Banking
ORD00514,2025-11-03,CUST0094,P002,1,0.0,1200.0,788.99,411.01,East,Net Banking
ORD02207,2025-11-03,CUST0105,P003,1,0.0,4500.0,3504.79,995.21,South,Debit Card
ORD00114,2025-11-03,CUST0591,P001,2,0.05,123500.0,100112.99,23387.01,West,Credit Card
ORD02881,2025-11-04,CUST0068,P002,3,0.0,3600.0,3083.74,516.26,North,Debit Card
ORD01994,2025-11-04,CUST0305,P004,1,0.05,39900.0,28963.51,10936.49,East,UPI
ORD02517,2025-11-04,CUST0696,P002,3,0.15,3060.0,2770.47,289.53,South,Debit Card
ORD01743,2025-11-04,CUST0699,P008,1,0.15,6375.0,4485.49,1889.51,South,UPI
ORD02111,2025-11-04,CUST0387,P012,3,0.0,24000.0,14523.22,9476.78,West,UPI
ORD02086,2025-11-05,CUST0116,P005,2,0.15,47600.0,37631.81,9968.19,North,UPI
ORD02323,2025-11-05,CUST0327,P002,3,0.0,3600.0,2928.26,671.74,South,UPI
ORD01341,2025-11-05,CUST0653,P005,1,0.15,23800.0,16953.22,6846.78,South,UPI
ORD00667,2025-11-05,CUST0471,P003,3,0.1,12150.0,10634.3,1515.7,South,UPI
ORD00552,2025-11-06,CUST0190,P005,2,0.15,47600.0,47976.98,-376.98,West,Credit Card
ORD00505,2025-11-06,CUST0758,P012,2,0.1,14400.0,12946.08,1453.92,East,Cash on Delivery
ORD00884,2025-11-06,CUST0171,P010,3,0.0,1500.0,894.84,605.16,South,UPI
ORD00253,2025-11-06,CUST0643,P006,4,0.05,45600.0,34280.72,11319.28,North,UPI
ORD01881,2025-11-06,CUST0274,P003,1,0.1,4050.0,3758.21,291.79,West,Credit Card
ORD01431,2025-11-06,CUST0348,P008,1,0.1,6750.0,4626.48,2123.52,West,Net Banking
ORD02851,2025-11-07,CUST0362,P009,2,0.0,36000.0,25528.68,10471.32,North,Debit Card
ORD02082,2025-11-07,CUST0372,P007,4,0.05,34200.0,24325.64,9874.36,South,Debit Card
ORD01623,2025-11-08,CUST0396,P002,1,0.0,1200.0,1001.52,198.48,North,UPI
ORD00074,2025-11-08,CUST0791,P009,1,0.05,17100.0,10737.42,6362.58,West,Net Banking
ORD00653,2025-11-08,CUST0464,P001,2,0.1,117000.0,72263.53,44736.47,North,Cash on Delivery
ORD01209,2025-11-09,CUST0613,P002,2,0.05,2280.0,1536.87,743.13,West,UPI
ORD02887,2025-11-09,CUST0602,P003,2,0.15,7650.0,7641.14,8.86,West,Debit Card
ORD01246,2025-11-09,CUST0755,P003,1,0.0,4500.0,3038.69,1461.31,West,Net Banking
ORD01670,2025-11-09,CUST0420,P004,3,0.2,100800.0,81438.45,19361.55,South,Credit Card
ORD02580,2025-11-09,CUST0087,P001,3,0.0,195000.0,153004.31,41995.69,South,Credit Card
ORD02769,2025-11-10,CUST0213,P012,4,0.0,32000.0,19866.2,12133.8,East,UPI
ORD01236,2025-11-10,CUST0294,P002,1,0.0,1200.0,679.64,520.36,South,UPI
ORD02713,2025-11-10,CUST0679,P009,2,0.0,36000.0,30741.89,5258.11,South,UPI
ORD02414,2025-11-10,CUST0056,P002,2,0.05,2280.0,1637.88,642.12,South,Net Banking
ORD02612,2025-11-11,CUST0123,P012,2,0.05,15200.0,10271.51,4928.49,East,Net Banking
ORD00364,2025-11-11,CUST0238,P003,1,0.05,4275.0,3424.9,850.1,South,UPI
ORD01189,2025-11-11,CUST0505,P009,3,0.0,54000.0,32965.17,21034.83,North,UPI
ORD02487,2025-11-11,CUST0132,P008,3,0.0,22500.0,18914.6,3585.4,South,Debit Card
ORD02407,2025-11-11,CUST0209,P002,1,0.0,1200.0,740.99,459.01,South,Credit Card
ORD01851,2025-11-11,CUST0491,P012,3,0.0,24000.0,14196.64,9803.36,West,UPI
ORD02242,2025-11-11,CUST0470,P009,1,0.0,18000.0,12201.63,5798.37,South,Debit Card
ORD00489,2025-11-12,CUST0279,P010,4,0.15,1700.0,1437.04,262.96,South,UPI
ORD02108,2025-11-12,CUST0247,P012,1,0.15,6800.0,4774.58,2025.42,North,Cash on Delivery
ORD00949,2025-11-13,CUST0237,P010,5,0.0,2500.0,1995.7,504.3,West,Cash on Delivery
ORD01844,2025-11-13,CUST0035,P003,2,0.0,9000.0,7572.29,1427.71,South,Credit Card
ORD00268,2025-11-13,CUST0721,P012,3,0.0,24000.0,18323.67,5676.33,East,UPI
ORD01469,2025-11-14,CUST0513,P012,3,0.0,24000.0,18495.22,5504.78,West,UPI
ORD02980,2025-11-15,CUST0561,P010,2,0.0,1000.0,748.89,251.11,South,UPI
ORD00475,2025-11-15,CUST0525,P010,1,0.0,500.0,275.19,224.81,West,Debit Card
ORD02331,2025-11-15,CUST0608,P004,1,0.0,42000.0,25650.65,16349.35,South,Credit Card
ORD01786,2025-11-15,CUST0491,P011,1,0.1,810.0,548.83,261.17,West,UPI
ORD01055,2025-11-15,CUST0030,P003,1,0.15,3825.0,2534.77,1290.23,West,Debit Card
ORD00172,2025-11-15,CUST0355,P005,1,0.0,28000.0,23675.08,4324.92,South,UPI
ORD01896,2025-11-15,CUST0209,P010,2,0.0,1000.0,846.23,153.77,South,Debit Card
ORD00908,2025-11-16,CUST0376,P006,2,0.0,24000.0,17241.0,6759.0,North,Cash on Delivery
ORD02199,2025-11-16,CUST0082,P005,1,0.0,28000.0,19020.41,8979.59,West,UPI
ORD00058,2025-11-16,CUST0237,P011,2,0.05,1710.0,1027.08,682.92,West,UPI
ORD02746,2025-11-16,CUST0756,P008,2,0.0,15000.0,9439.22,5560.78,South,Credit Card
ORD01112,2025-11-16,CUST0423,P011,3,0.15,2295.0,1860.92,434.08,West,Credit Card
ORD00126,2025-11-16,CUST0455,P004,2,0.0,84000.0,57456.43,26543.57,East,UPI
ORD00023,2025-11-17,CUST0314,P004,4,0.0,168000.0,99537.49,68462.51,West,Debit Card
ORD02189,2025-11-17,CUST0251,P006,1,0.05,11400.0,9051.83,2348.17,South,Net Banking
ORD00275,2025-11-17,CUST0519,P010,1,0.15,425.0,416.01,8.99,North,Credit Card
ORD01590,2025-11-17,CUST0085,P009,1,0.0,18000.0,12764.36,5235.64,East,UPI
ORD01822,2025-11-17,CUST0028,P007,2,0.0,18000.0,15041.89,2958.11,North,Credit Card
ORD00509,2025-11-17,CUST0013,P011,1,0.1,810.0,684.6,125.4,North,Net Banking
ORD02101,2025-11-17,CUST0498,P006,1,0.05,11400.0,6664.73,4735.27,West,Cash on Delivery
ORD00366,2025-11-18,CUST0112,P010,3,0.15,1275.0,880.89,394.11,North,UPI
ORD01285,2025-11-18,CUST0724,P005,2,0.1,50400.0,44243.01,6156.99,North,Debit Card
ORD01693,2025-11-18,CUST0232,P010,1,0.05,475.0,316.23,158.77,South,Credit Card
ORD01533,2025-11-19,CUST0044,P009,2,0.2,28800.0,25556.32,3243.68,West,Net Banking
ORD02618,2025-11-19,CUST0480,P009,3,0.0,54000.0,36840.37,17159.63,North,Credit Card
ORD00203,2025-11-19,CUST0562,P012,1,0.0,8000.0,6430.41,1569.59,South,UPI
ORD01589,2025-11-19,CUST0185,P008,1,0.15,6375.0,4648.39,1726.61,South,Net Banking
ORD02694,2025-11-20,CUST0636,P001,1,0.05,61750.0,36774.28,24975.72,North,Credit Card
ORD00716,2025-11-20,CUST0005,P008,1,0.05,7125.0,4339.69,2785.31,South,Net Banking
ORD00143,2025-11-20,CUST0480,P003,2,0.1,8100.0,7743.18,356.82,North,UPI
ORD01145,2025-11-20,CUST0490,P009,1,0.0,18000.0,13825.72,4174.28,South,UPI
ORD00743,2025-11-20,CUST0735,P002,1,0.1,1080.0,961.71,118.29,South,UPI
ORD00101,2025-11-21,CUST0340,P004,4,0.2,134400.0,135667.57,-1267.57,East,Net Banking
ORD02422,2025-11-21,CUST0721,P012,4,0.05,30400.0,26123.89,4276.11,East,Credit Card
ORD02004,2025-11-21,CUST0595,P005,1,0.0,28000.0,23645.41,4354.59,North,Cash on Delivery
ORD01818,2025-11-21,CUST0758,P008,5,0.1,33750.0,29817.21,3932.79,East,Net Banking
ORD02749,2025-11-21,CUST0283,P011,2,0.0,1800.0,1326.9,473.1,North,Credit Card
ORD00300,2025-11-21,CUST0309,P006,1,0.0,12000.0,10024.62,1975.38,West,UPI
ORD01342,2025-11-22,CUST0188,P005,2,0.05,53200.0,33836.13,19363.87,South,Debit Card
ORD02182,2025-11-23,CUST0342,P005,1,0.1,25200.0,19100.11,6099.89,North,UPI
ORD02333,2025-11-23,CUST0002,P012,2,0.0,16000.0,12697.53,3302.47,East,Net Banking
ORD00305,2025-11-23,CUST0350,P012,3,0.15,20400.0,15322.63,5077.37,East,Credit Card
ORD02962,2025-11-23,CUST0167,P009,2,0.0,36000.0,21566.42,14433.58,West,Cash on Delivery
ORD02107,2025-11-23,CUST0562,P010,2,0.15,850.0,600.2,249.8,South,UPI
ORD00775,2025-11-23,CUST0602,P005,2,0.0,56000.0,48016.5,7983.5,West,Credit Card
ORD00063,2025-11-23,CUST0650,P001,5,0.0,325000.0,212336.53,112663.47,North,Debit Card
ORD00888,2025-11-23,CUST0453,P006,1,0.0,12000.0,7128.2,4871.8,West,UPI
ORD02990,2025-11-24,CUST0610,P011,2,0.0,1800.0,1556.13,243.87,North,Credit Card
ORD02759,2025-11-24,CUST0057,P010,3,0.15,1275.0,877.81,397.19,West,Debit Card
ORD02585,2025-11-24,CUST0254,P011,2,0.1,1620.0,1206.35,413.65,North,Cash on Delivery
ORD01453,2025-11-25,CUST0087,P008,2,0.05,14250.0,12144.86,2105.14,South,UPI
ORD01806,2025-11-25,CUST0245,P005,1,0.05,26600.0,21808.07,4791.93,West,Credit Card
ORD00175,2025-11-25,CUST0709,P008,1,0.05,7125.0,5702.27,1422.73,East,UPI
ORD00953,2025-11-26,CUST0025,P001,1,0.1,58500.0,54356.23,4143.77,West,UPI
ORD01854,2025-11-26,CUST0738,P010,1,0.1,450.0,374.94,75.06,West,Net Banking
ORD01138,2025-11-26,CUST0296,P005,2,0.0,56000.0,45957.66,10042.34,East,Net Banking
ORD02247,2025-11-26,CUST0052,P011,1,0.0,900.0,523.06,376.94,West,Debit Card
ORD02782,2025-11-28,CUST0584,P009,1,0.0,18000.0,13595.18,4404.82,West,Credit Card
ORD01033,2025-11-28,CUST0381,P012,3,0.15,20400.0,16803.86,3596.14,South,Cash on Delivery
ORD01008,2025-11-28,CUST0703,P007,2,0.1,16200.0,11351.63,4848.37,South,Credit Card
ORD02007,2025-11-28,CUST0703,P009,2,0.1,32400.0,30635.37,1764.63,South,Debit Card
ORD02105,2025-11-28,CUST0027,P012,2,0.0,16000.0,10579.74,5420.26,North,Debit Card
ORD02109,2025-11-29,CUST0776,P006,1,0.0,12000.0,10514.9,1485.1,South,UPI
ORD02248,2025-11-29,CUST0363,P007,3,0.05,25650.0,16549.59,9100.41,West,Net Banking
ORD00540,2025-11-30,CUST0044,P012,3,0.1,21600.0,15877.82,5722.18,West,UPI
ORD00782,2025-11-30,CUST0774,P003,1,0.15,3825.0,3889.07,-64.07,South,Debit Card
ORD02409,2025-11-30,CUST0074,P010,1,0.0,500.0,364.2,135.8,North,Net Banking
ORD02194,2025-11-30,CUST0513,P001,1,0.1,58500.0,45629.73,12870.27,West,UPI
ORD02361,2025-11-30,CUST0548,P007,1,0.05,8550.0,5830.21,2719.79,South,UPI
ORD00160,2025-11-30,CUST0598,P002,3,0.0,3600.0,2634.58,965.42,North,Cash on Delivery
ORD01315,2025-12-01,CUST0111,P004,4,0.1,151200.0,142972.36,8227.64,South,Debit Card
ORD02518,2025-12-01,CUST0643,P009,2,0.1,32400.0,31237.31,1162.69,North,UPI
ORD01535,2025-12-01,CUST0664,P007,3,0.1,24300.0,19637.15,4662.85,West,UPI
ORD00951,2025-12-01,CUST0368,P005,1,0.05,26600.0,17553.23,9046.77,North,UPI
ORD01836,2025-12-01,CUST0355,P010,2,0.05,950.0,575.51,374.49,South,Credit Card
ORD01400,2025-12-02,CUST0118,P009,2,0.15,30600.0,22725.3,7874.7,South,Credit Card
ORD02431,2025-12-02,CUST0199,P005,1,0.15,23800.0,16732.9,7067.1,East,Credit Card
ORD00634,2025-12-02,CUST0472,P006,2,0.05,22800.0,15753.73,7046.27,South,UPI
ORD00747,2025-12-03,CUST0674,P004,1,0.0,42000.0,34701.85,7298.15,West,UPI
ORD00784,2025-12-03,CUST0366,P001,1,0.15,55250.0,50567.82,4682.18,North,Credit Card
ORD00955,2025-12-03,CUST0718,P005,1,0.15,23800.0,16587.97,7212.03,North,UPI
ORD01960,2025-12-03,CUST0665,P010,3,0.15,1275.0,1266.33,8.67,West,Debit Card
ORD01884,2025-12-03,CUST0381,P005,1,0.15,23800.0,17029.3,6770.7,South,UPI
ORD01559,2025-12-04,CUST0770,P011,1,0.05,855.0,655.64,199.36,West,UPI
ORD01544,2025-12-04,CUST0033,P005,1,0.0,28000.0,24268.11,3731.89,North,Credit Card
ORD01217,2025-12-04,CUST0674,P010,3,0.05,1425.0,909.67,515.33,West,Credit Card
ORD00360,2025-12-04,CUST0486,P006,3,0.0,36000.0,27918.98,8081.02,South,Credit Card
ORD01815,2025-12-04,CUST0343,P011,1,0.1,810.0,682.19,127.81,West,Credit Card
ORD01100,2025-12-04,CUST0607,P004,1,0.05,39900.0,33985.94,5914.06,South,Debit Card
ORD01052,2025-12-04,CUST0224,P011,2,0.0,1800.0,1570.92,229.08,South,Credit Card
ORD00028,2025-12-07,CUST0211,P001,1,0.15,55250.0,41923.73,13326.27,West,Debit Card
ORD00259,2025-12-07,CUST0742,P007,1,0.0,9000.0,5050.45,3949.55,South,Cash on Delivery
ORD02387,2025-12-07,CUST0314,P005,4,0.1,100800.0,79718.9,21081.1,West,Credit Card
ORD00558,2025-12-08,CUST0702,P010,4,0.1,1800.0,1182.68,617.32,South,UPI
ORD01444,2025-12-08,CUST0507,P006,4,0.0,48000.0,32806.97,15193.03,South,Cash on Delivery
ORD01177,2025-12-08,CUST0336,P006,3,0.15,30600.0,27045.2,3554.8,North,Credit Card
ORD01728,2025-12-08,CUST0374,P005,4,0.15,95200.0,84046.99,11153.01,North,Credit Card
ORD00789,2025-12-08,CUST0655,P001,3,0.0,195000.0,139032.85,55967.15,North,UPI
ORD02352,2025-12-09,CUST0279,P012,2,0.05,15200.0,9199.91,6000.09,South,Credit Card
ORD01252,2025-12-09,CUST0337,P002,1,0.05,1140.0,701.7,438.3,South,Net Banking
ORD01074,2025-12-10,CUST0009,P009,2,0.15,30600.0,27860.21,2739.79,West,Credit Card
ORD01091,2025-12-10,CUST0490,P006,2,0.0,24000.0,19898.64,4101.36,South,Debit Card
ORD00394,2025-12-11,CUST0660,P004,2,0.05,79800.0,57782.58,22017.42,South,Credit Card
ORD00567,2025-12-12,CUST0725,P007,2,0.15,15300.0,10117.59,5182.41,South,Debit Card
ORD01613,2025-12-13,CUST0251,P011,2,0.15,1530.0,1342.66,187.34,South,Net Banking
ORD02882,2025-12-13,CUST0616,P006,4,0.1,43200.0,30351.31,12848.69,West,Credit Card
ORD01417,2025-12-13,CUST0498,P003,2,0.2,7200.0,5978.79,1221.21,West,UPI
ORD02023,2025-12-13,CUST0538,P007,1,0.0,9000.0,6629.94,2370.06,North,Debit Card
ORD00115,2025-12-14,CUST0517,P001,2,0.0,130000.0,90678.94,39321.06,South,Debit Card
ORD02222,2025-12-14,CUST0113,P001,1,0.1,58500.0,40643.23,17856.77,South,Cash on Delivery
ORD02597,2025-12-14,CUST0612,P006,2,0.1,21600.0,15147.82,6452.18,South,Debit Card
ORD02799,2025-12-14,CUST0741,P007,4,0.0,36000.0,28941.26,7058.74,West,Credit Card
ORD00186,2025-12-14,CUST0450,P002,1,0.05,1140.0,949.29,190.71,South,Credit Card
ORD01814,2025-12-15,CUST0177,P010,4,0.0,2000.0,1399.52,600.48,West,Net Banking
ORD00818,2025-12-15,CUST0384,P010,2,0.0,1000.0,615.86,384.14,South,Credit Card
ORD02344,2025-12-15,CUST0438,P010,4,0.0,2000.0,1266.49,733.51,East,Debit Card
ORD00432,2025-12-15,CUST0120,P007,3,0.0,27000.0,15493.96,11506.04,North,Net Banking
ORD02532,2025-12-16,CUST0561,P005,3,0.0,84000.0,66842.78,17157.22,South,UPI
ORD02974,2025-12-16,CUST0150,P004,2,0.0,84000.0,62643.28,21356.72,East,Debit Card
ORD00141,2025-12-16,CUST0799,P002,1,0.0,1200.0,731.01,468.99,South,Debit Card
ORD01972,2025-12-16,CUST0192,P010,4,0.15,1700.0,1217.32,482.68,West,UPI
ORD00083,2025-12-17,CUST0195,P008,1,0.1,6750.0,5936.94,813.06,North,UPI
ORD02328,2025-12-18,CUST0590,P005,2,0.1,50400.0,47964.86,2435.14,South,Credit Card
ORD02956,2025-12-18,CUST0336,P003,2,0.05,8550.0,5764.61,2785.39,North,Debit Card
ORD01421,2025-12-18,CUST0313,P002,4,0.0,4800.0,2676.59,2123.41,West,UPI
ORD00284,2025-12-19,CUST0073,P007,1,0.15,7650.0,5066.2,2583.8,North,UPI
ORD02648,2025-12-19,CUST0422,P007,1,0.2,7200.0,5797.97,1402.03,South,UPI
ORD00492,2025-12-20,CUST0776,P001,2,0.05,123500.0,102420.27,21079.73,South,Net Banking
ORD02123,2025-12-20,CUST0546,P008,3,0.05,21375.0,16183.5,5191.5,North,UPI
ORD01838,2025-12-20,CUST0664,P006,2,0.05,22800.0,15983.94,6816.06,West,Net Banking
ORD00084,2025-12-21,CUST0678,P001,3,0.05,185250.0,151226.06,34023.94,West,Cash on Delivery
ORD02234,2025-12-21,CUST0708,P004,1,0.05,39900.0,34061.72,5838.28,South,Debit Card
ORD02873,2025-12-21,CUST0219,P002,2,0.15,2040.0,1893.71,146.29,West,UPI
ORD02752,2025-12-21,CUST0180,P007,2,0.0,18000.0,14151.52,3848.48,North,Cash on Delivery
ORD01516,2025-12-22,CUST0108,P003,1,0.05,4275.0,3205.16,1069.84,West,Net Banking
ORD00179,2025-12-23,CUST0537,P008,2,0.0,15000.0,8603.62,6396.38,West,Credit Card
ORD02025,2025-12-23,CUST0115,P001,3,0.1,175500.0,139359.43,36140.57,West,Cash on Delivery
ORD01356,2025-12-24,CUST0137,P010,3,0.0,1500.0,1285.99,214.01,South,Net Banking
ORD00904,2025-12-25,CUST0202,P004,3,0.1,113400.0,106172.0,7228.0,South,Net Banking
ORD02014,2025-12-25,CUST0518,P006,3,0.1,32400.0,21604.64,10795.36,South,Credit Card
ORD01330,2025-12-25,CUST0212,P012,1,0.0,8000.0,5318.1,2681.9,North,Net Banking
ORD01120,2025-12-25,CUST0410,P007,1,0.0,9000.0,5720.37,3279.63,North,Net Banking
ORD00193,2025-12-25,CUST0651,P001,4,0.05,247000.0,201851.22,45148.78,South,Net Banking
ORD00390,2025-12-25,CUST0525,P005,1,0.0,28000.0,21625.4,6374.6,West,UPI
ORD00075,2025-12-26,CUST0658,P004,1,0.0,42000.0,32508.81,9491.19,West,Net Banking
ORD01938,2025-12-26,CUST0199,P011,2,0.15,1530.0,1468.16,61.84,East,Credit Card
ORD00481,2025-12-26,CUST0717,P007,2,0.2,14400.0,11168.1,3231.9,West,UPI
ORD01232,2025-12-26,CUST0096,P003,2,0.1,8100.0,7689.31,410.69,North,UPI
ORD02459,2025-12-26,CUST0352,P011,1,0.0,900.0,669.27,230.73,South,Debit Card
ORD02847,2025-12-26,CUST0693,P006,2,0.15,20400.0,20255.59,144.41,South,Credit Card
ORD02576,2025-12-26,CUST0661,P009,1,0.0,18000.0,11945.57,6054.43,South,Credit Card
ORD00819,2025-12-26,CUST0556,P002,3,0.05,3420.0,2004.13,1415.87,South,Credit Card
ORD01979,2025-12-26,CUST0384,P009,2,0.05,34200.0,29375.9,4824.1,South,UPI
ORD01843,2025-12-26,CUST0749,P009,4,0.1,64800.0,43616.33,21183.67,South,Credit Card
ORD01588,2025-12-27,CUST0503,P001,2,0.0,130000.0,106838.21,23161.79,South,UPI
ORD01411,2025-12-27,CUST0523,P001,4,0.05,247000.0,185259.23,61740.77,East,Net Banking
ORD00575,2025-12-27,CUST0192,P004,1,0.0,42000.0,35691.74,6308.26,West,Credit Card
ORD01031,2025-12-28,CUST0180,P009,2,0.0,36000.0,29719.26,6280.74,North,UPI
ORD02054,2025-12-28,CUST0387,P003,3,0.15,11475.0,8959.15,2515.85,West,UPI
ORD02519,2025-12-28,CUST0049,P003,5,0.1,20250.0,13512.12,6737.88,North,Net Banking
ORD02296,2025-12-28,CUST0278,P012,1,0.0,8000.0,6482.36,1517.64,West,UPI
ORD01475,2025-12-28,CUST0502,P008,2,0.0,15000.0,11397.95,3602.05,South,Cash on Delivery
ORD01331,2025-12-28,CUST0621,P003,2,0.05,8550.0,6969.02,1580.98,North,UPI
ORD00096,2025-12-29,CUST0207,P011,1,0.05,855.0,688.61,166.39,South,Credit Card
ORD02135,2025-12-29,CUST0550,P003,2,0.15,7650.0,6356.45,1293.55,East,Credit Card
ORD02468,2025-12-29,CUST0715,P009,4,0.0,72000.0,50500.03,21499.97,South,Credit Card
ORD02010,2025-12-29,CUST0155,P006,1,0.05,11400.0,6860.53,4539.47,South,Debit Card
ORD01133,2025-12-29,CUST0792,P002,1,0.0,1200.0,820.34,379.66,West,Debit Card
ORD01168,2025-12-30,CUST0720,P009,1,0.0,18000.0,11132.42,6867.58,East,Credit Card
ORD01519,2025-12-30,CUST0530,P007,1,0.15,7650.0,5423.01,2226.99,South,Credit Card
ORD02617,2025-12-31,CUST0071,P008,3,0.0,22500.0,14248.27,8251.73,West,UPI
ORD00761,2025-12-31,CUST0694,P004,1,0.1,37800.0,30767.12,7032.88,North,Cash on Delivery
ORD00985,2025-12-31,CUST0241,P010,3,0.05,1425.0,1028.3,396.7,West,UPI
ORD01819,2025-12-31,CUST0629,P011,1,0.05,855.0,546.19,308.81,North,Debit Card
